model	scenario	threshold	TP	FP	TN	FN	sensitivity	specificity	ppv	npv	accuracy	f1	balanced_accuracy
NMDetective-B	published_>0.52	0.48	1558	698	2433	1060	0.5951107715813598	0.7770680293835835	0.6906028368794326	0.6965359290008588	0.6942076882936162	0.6393106278210915	0.6860894004824717
TrunCat	threshold=0.5	0.5	1595	583	2548	1023	0.6092436974789915	0.8137975087831364	0.7323232323232324	0.713525623074769	0.7206470690554879	0.6651376146788991	0.7115206031310639
TrunCat	youden_J	0.419310988070657	1847	837	2294	771	0.7055003819709702	0.7326732673267327	0.6881520119225037	0.7484502446982055	0.7202991824665159	0.6967182195397963	0.7190868246488514
TrunCat	matched_spec_to_NMDetectiveB	0.460876863786633	1713	698	2433	905	0.6543162719633308	0.7770680293835835	0.7104935711323103	0.7288795686039544	0.7211688989389459	0.6812487572081924	0.7156921506734572
TrunKitten	threshold=0.5	0.5	1610	631	2500	1008	0.6149732620320856	0.7984669434685404	0.7184292726461401	0.7126567844925884	0.71490694033745	0.662687795842766	0.7067201027503129
TrunKitten	youden_J	0.4181009613286368	1900	904	2227	718	0.7257448433919023	0.7112743532417758	0.6776034236804565	0.7561969439728353	0.7178639763437119	0.700848395426042	0.718509598316839
TrunKitten	matched_spec_to_NMDetectiveB	0.4774019046674031	1675	696	2435	943	0.6398013750954927	0.7777068029383584	0.706452973428933	0.7208407341622262	0.71490694033745	0.6714772499498898	0.7087540890169255
