model	roc_auc	roc_auc_lo	roc_auc_hi	pr_auc	pr_auc_lo	pr_auc_hi	brier_score
TrunCat	0.7853404885080537	0.7747053594216736	0.7969467042980455	0.7404582769188162	0.7218504087938399	0.7586840873084928	0.1876552294875297
TrunKitten	0.7805766480687104	0.7685867975199681	0.7923418747428207	0.7257285434332092	0.7066649481293373	0.7448112733220046	0.18929614749843862
NMDetective-B	0.7052949399033154	0.6929918087197436	0.71721982797674	0.640583563183913	0.6226983263215168	0.6586000598003101	0.2224124543398852
