{
  "CADD_phred": 37.0,
  "MedianExpression_log2": 3.83112733120502,
  "half_life_PC1": 1.130304981974255,
  "readthrough_score_hek293t": 67.86
}