key,true_label,predicted_prob,predicted_class
chr10:100238024_G>A,0,0.12578725210675787,0
chr10:100253422_G>A,1,0.1103088383800978,0
chr10:100256417_C>A,0,0.15426168170983234,0
chr10:100286116_G>C,0,0.260820932006271,0
chr10:100490078_G>T,1,0.4831940960620354,0
chr10:100490203_G>A,1,0.5841421203952087,1
chr10:100490308_G>A,0,0.5888953686540618,1
chr10:100495412_G>C,1,0.4916802036827261,0
chr10:100506180_G>A,1,0.4518779032501113,0
chr10:100509329_A>T,0,0.4501303798699361,0
chr10:100526547_C>T,0,0.17693593828918872,0
chr10:100947097_G>A,1,0.2718170896813682,0
chr10:100986928_C>A,0,0.8909570241754617,1
chr10:101034794_C>T,1,0.6114915181473022,1
chr10:101036028_C>T,0,0.2537307671388438,0
chr10:101579666_G>T,1,0.8419673171416104,1
chr10:101580356_G>A,0,0.3887947374028917,0
chr10:101584672_C>T,1,0.33991978746239365,0
chr10:101586073_G>A,0,0.5577512760785265,1
chr10:101586109_G>A,0,0.5791535373113536,1
chr10:102259011_C>T,1,0.7161818520046546,1
chr10:102382187_C>T,1,0.8600220134143329,1
chr10:102471326_T>A,0,0.3674525308296669,0
chr10:102475910_A>T,0,0.8346797631709552,1
chr10:102812678_C>T,1,0.8306592997199198,1
chr10:103089791_G>A,1,0.8304058197051578,1
chr10:103093199_G>A,1,0.14373887556008236,0
chr10:103099964_G>A,0,0.10210511291375968,0
chr10:103406753_T>A,0,0.3453947216546458,0
chr10:103425506_C>T,0,0.4678345080184999,0
chr10:103442396_C>T,1,0.3423773433478285,0
chr10:103447439_G>A,1,0.7947139362968769,1
chr10:103447558_C>T,1,0.8119894245280115,1
chr10:104018220_C>T,0,0.15224588737154782,0
chr10:104123867_G>T,0,0.3017876067746294,0
chr10:104263057_G>T,0,0.150509833177254,0
chr10:1044104_G>A,0,0.1971189562242602,0
chr10:110881496_C>T,0,0.17033660466501396,0
chr10:110887737_G>T,0,0.11532404374642156,0
chr10:110887884_C>T,0,0.09847498590307967,0
chr10:112432410_T>A,1,0.20754468140389928,0
chr10:112464550_G>T,0,0.24626561178360581,0
chr10:112668994_C>T,1,0.6539216814756206,1
chr10:113165676_C>T,0,0.8707357718850884,1
chr10:113721707_C>T,0,0.19266729599685564,0
chr10:113721773_A>T,0,0.2252254990717371,0
chr10:11763413_C>T,1,0.7823377648975085,1
chr10:119160924_G>A,0,0.11157214605015661,0
chr10:119904152_C>T,0,0.22425692094218455,0
chr10:119909080_C>T,0,0.23355370323614383,0
chr10:12094222_G>T,0,0.22573624456927951,0
chr10:121899978_G>T,0,0.2600441764231068,0
chr10:122993968_G>A,1,0.818653041285545,1
chr10:124403031_G>A,0,0.06315077181637316,0
chr10:124405457_A>T,0,0.07937649245926412,0
chr10:124484302_C>T,0,0.2199339761775015,0
chr10:125836200_C>T,1,0.8738356136010873,1
chr10:125839093_G>A,0,0.31901854280033065,0
chr10:128072149_C>T,0,0.3263267911577314,0
chr10:128077644_C>T,1,0.38898397076018987,0
chr10:128079612_C>T,1,0.4241510668915793,0
chr10:130166590_C>T,0,0.0842688587232329,0
chr10:13126037_G>T,0,0.1706223805964248,0
chr10:132228068_G>A,0,0.416202931525538,0
chr10:133240070_C>T,1,0.7824311424294494,1
chr10:133270800_G>A,0,0.47213172782622226,0
chr10:133270908_G>A,0,0.5292971161308603,1
chr10:133272469_C>T,0,0.5219534678117039,1
chr10:133272863_G>A,0,0.4592671569073967,0
chr10:133273004_G>A,0,0.48484321074358655,0
chr10:133275504_G>A,0,0.6220462986582445,1
chr10:133275530_C>T,1,0.5858126239985669,1
chr10:133276797_C>T,1,0.6274545408752314,1
chr10:133283164_T>A,1,0.2443797427406547,0
chr10:133298084_G>A,0,0.2755856886433609,0
chr10:133312806_C>A,1,0.8425459380561817,1
chr10:133389635_G>A,0,0.5662242054852096,1
chr10:13616441_G>A,0,0.17135923190461103,0
chr10:16486559_C>T,0,0.24582667010990555,0
chr10:16511080_C>T,1,0.840249065272589,1
chr10:16511224_G>T,0,0.7394034016671897,1
chr10:20046899_C>T,0,0.27192616257962354,0
chr10:22317951_C>A,0,0.14049083797134948,0
chr10:22319978_G>T,1,0.8321656172877357,1
chr10:23119423_C>G,1,0.7540275768097356,1
chr10:24584756_G>A,1,0.8750482712688957,1
chr10:24620589_G>A,1,0.19857936440323015,0
chr10:27181536_G>T,0,0.6088609865129725,1
chr10:29480678_G>A,0,0.2822626149627473,0
chr10:30845218_C>A,1,0.8085014672132537,1
chr10:32015555_G>A,1,0.8375354822910623,1
chr10:32017308_G>A,0,0.321827111121506,0
chr10:42593085_G>T,0,0.8382555467312272,1
chr10:42793046_A>T,1,0.16354988057252856,0
chr10:43199765_G>A,1,0.31889257410477495,0
chr10:43481830_C>T,1,0.6598494357408778,1
chr10:44984929_C>T,1,0.22609382470790512,0
chr10:45789092_G>A,1,0.6103233146013037,1
chr10:46009458_G>A,1,0.779776075480871,1
chr10:47502432_C>T,0,0.832112645130996,1
chr10:47502434_C>T,0,0.8247684013165537,1
chr10:49819362_G>T,0,0.6792909423910245,1
chr10:49819471_G>A,1,0.7486657675900849,1
chr10:49915950_C>T,0,0.21577919383943825,0
chr10:50008999_C>T,1,0.7513998946665027,1
chr10:50009674_C>T,1,0.7541474435382653,1
chr10:50009809_G>T,1,0.7175205194271264,1
chr10:50009986_G>T,1,0.8066472640944075,1
chr10:50097767_C>T,0,0.17002495184031255,0
chr10:50129533_C>T,1,0.3162186075950022,0
chr10:50129537_G>A,1,0.34567685260557157,0
chr10:5097452_C>T,0,0.1845320112054828,0
chr10:5097467_C>T,0,0.18989832361658632,0
chr10:5097500_C>T,0,0.21059367077721458,0
chr10:5099447_C>T,0,0.13116819310389632,0
chr10:5102552_C>T,0,0.2479070778641705,0
chr10:5107500_T>G,0,0.8677877750232935,1
chr10:5456938_C>T,0,0.875407865906118,1
chr10:5963773_G>A,0,0.45601131431459,0
chr10:62092431_G>T,1,0.8185481659896363,1
chr10:6222882_G>T,1,0.37690700383709486,0
chr10:63154186_G>T,1,0.839546616852982,1
chr10:68487187_G>A,1,0.5540660220621668,1
chr10:68756378_G>A,0,0.2944563892954574,0
chr10:68936976_C>T,0,0.13967060310956483,0
chr10:68982732_C>T,1,0.8497272089740772,1
chr10:69198375_C>T,0,0.1315844220657046,0
chr10:69395035_C>T,0,0.2031558110393232,0
chr10:70145578_G>A,1,0.5288818987199498,1
chr10:70599064_G>T,1,0.7261520508832106,1
chr10:70883973_G>A,1,0.8413468885195562,1
chr10:71807590_C>T,1,0.3489881084388368,0
chr10:72072529_C>T,0,0.3316420823822407,0
chr10:72274378_C>A,1,0.7180791727612906,1
chr10:7227860_G>A,0,0.41287144728270025,0
chr10:72508254_G>A,0,0.10364709232887627,0
chr10:72551287_G>A,0,0.13745156750598791,0
chr10:73139485_C>T,0,0.18304126338361446,0
chr10:73152319_G>A,0,0.18170488772249102,0
chr10:73154327_G>A,0,0.19316701256695298,0
chr10:73232994_C>T,1,0.24528185033767447,0
chr10:73233009_C>T,0,0.2533445296229746,0
chr10:73233159_C>T,0,0.2606590757474422,0
chr10:73235220_C>T,0,0.30612618992469665,0
chr10:73239363_C>T,1,0.753453040342363,1
chr10:73247069_G>A,1,0.5690241727528058,1
chr10:73376127_G>A,1,0.8658076180847358,1
chr10:73397203_G>A,0,0.13633811879978788,0
chr10:73427725_G>A,0,0.4107594092568459,0
chr10:73783126_T>G,1,0.8365659023960536,1
chr10:74090071_C>T,0,0.14609094808660944,0
chr10:74129139_G>A,0,0.1418529308613061,0
chr10:75176096_C>T,1,0.24726845725189042,0
chr10:7780300_G>A,0,0.38547018396784277,0
chr10:77982180_G>A,1,0.4034649480471261,0
chr10:77993367_G>A,0,0.30210683957724865,0
chr10:78001032_G>A,0,0.28291927503592595,0
chr10:78001074_G>A,1,0.23792609066036516,0
chr10:79347741_G>T,1,0.34722223099371424,0
chr10:79352392_G>A,0,0.7312543890514015,1
chr10:80164080_G>A,0,0.20998041753454494,0
chr10:80169074_G>T,0,0.2215904375665957,0
chr10:84144885_C>T,0,0.08378768948208042,0
chr10:84514232_C>T,1,0.8773430954376233,1
chr10:87094611_G>C,0,0.26912036424504376,0
chr10:88762284_C>T,0,0.3404751606831925,0
chr10:88770940_T>A,0,0.31660209947349827,0
chr10:88913263_C>T,1,0.3897527270968281,0
chr10:89225115_G>A,0,0.18046310489870823,0
chr10:89245712_G>A,0,0.2624810308342104,0
chr10:89306281_C>T,1,0.7323435751784182,1
chr10:89306413_C>T,1,0.7830524913220664,1
chr10:89339373_C>T,1,0.8112636531573519,1
chr10:89384097_C>T,0,0.6038397100625283,1
chr10:89384322_C>T,1,0.6049077613127871,1
chr10:89403059_C>T,1,0.7378799274448358,1
chr10:89418634_C>T,1,0.7610338675660465,1
chr10:91278293_C>T,1,0.8220071540730058,1
chr10:92928372_A>T,0,0.17550806539615318,0
chr10:93310166_G>A,0,0.28908535764964044,0
chr10:93313202_C>A,0,0.266613335965886,0
chr10:93329813_G>C,0,0.17308079152366307,0
chr10:93335971_G>A,0,0.21414789805345677,0
chr10:93361470_G>A,0,0.21595728839630715,0
chr10:93361486_C>T,0,0.2218795090851831,0
chr10:95682776_G>A,0,0.2571399613426697,0
chr10:95685573_G>A,0,0.12825942412381183,0
chr10:95685585_C>A,0,0.15019263492721163,0
chr10:95686506_G>A,0,0.16258627440714332,0
chr10:95687595_G>T,0,0.13178307641872566,0
chr10:97357144_G>A,1,0.8458829852186867,1
chr10:97436474_G>A,1,0.8818453457872466,1
chr10:97437257_G>A,0,0.16038919006977312,0
chr10:97677914_C>T,0,0.8369259235645141,1
chr10:98383842_G>A,1,0.7150490952487353,1
chr10:98395426_G>A,1,0.3249949599490285,0
chr10:98431282_G>A,0,0.42625148979329147,0
chr10:99724020_G>T,0,0.17894812839795798,0
chr10:99727093_G>A,0,0.1312559027165104,0
chr10:99727098_G>C,0,0.16366131839715403,0
chr10:99747376_C>T,0,0.18611443686699178,0
chr11:102713404_G>A,1,0.6674250303777828,1
chr11:102718490_A>C,0,0.254962196610903,0
chr11:102721743_G>A,0,0.22280699646683408,0
chr11:102724756_G>A,0,0.5197523230563591,1
chr11:103909699_G>A,1,0.8209752840387148,1
chr11:10461607_C>T,1,0.8307504700595273,1
chr11:10493420_C>G,0,0.4934081373137326,0
chr11:104944797_G>A,1,0.9085008415320757,1
chr11:104944848_G>A,0,0.8980492761593252,1
chr11:104949595_G>T,0,0.229566218336239,0
chr11:104949673_G>T,0,0.2276180248063844,0
chr11:104954894_C>A,1,0.46189140822135255,0
chr11:10496912_C>T,1,0.28724352531089903,0
chr11:104995788_G>A,1,0.5939367850633751,1
chr11:105000261_C>A,1,0.15751088501797175,0
chr11:105034319_G>A,0,0.3368192503485809,0
chr11:10505804_C>T,1,0.8055775842487174,1
chr11:10534077_G>A,0,0.601698019991508,1
chr11:10559134_G>A,1,0.8224066819420409,1
chr11:107326999_G>A,1,0.8535602184007167,1
chr11:107353634_T>A,0,0.18765171002193598,0
chr11:107429060_G>C,0,0.26592517964684725,0
chr11:108140107_C>T,0,0.0778786632259088,0
chr11:108140162_G>A,0,0.09035646913788331,0
chr11:108161647_C>A,0,0.355436407393672,0
chr11:108169786_T>A,0,0.27695033853296386,0
chr11:111837577_G>A,1,0.17867787890292122,0
chr11:112085447_C>A,1,0.7082163382139522,1
chr11:113324643_C>T,1,0.34875516832961095,0
chr11:113363854_T>A,0,0.4761473478212188,0
chr11:114444616_C>T,0,0.08050121730354491,0
chr11:117181841_C>T,0,0.4594133361662631,0
chr11:117187386_C>T,1,0.47830931405014265,0
chr11:117187695_C>G,0,0.3411068544171377,0
chr11:117206092_G>A,1,0.8454287046923437,1
chr11:117239007_C>T,1,0.3279507491873825,0
chr11:117338596_C>T,1,0.7416912303149246,1
chr11:117344268_G>A,0,0.5916551069987908,1
chr11:117362410_C>T,0,0.5334448357092295,1
chr11:117381802_G>A,0,0.5609433613567106,1
chr11:117393019_C>T,1,0.44151103289012417,0
chr11:117394422_C>T,1,0.5617883807511556,1
chr11:117409012_G>A,1,0.6602677335868644,1
chr11:117411859_C>T,1,0.604363842090654,1
chr11:117999631_C>A,1,0.83781041212677,1
chr11:118237195_C>T,1,0.30336240735626324,0
chr11:118339221_G>A,1,0.7484204550003277,1
chr11:118349868_A>T,0,0.21217506928873625,0
chr11:118365159_C>T,1,0.5815779228078161,1
chr11:118386488_G>A,0,0.1868301914209485,0
chr11:119173823_G>T,1,0.5973494986652035,1
chr11:119174602_T>G,0,0.6301471079943336,1
chr11:119174882_C>T,0,0.6203421327920658,1
chr11:119179771_C>T,1,0.5661636810861003,1
chr11:119180155_A>T,0,0.6117031148567189,1
chr11:119181214_C>T,1,0.5842367731745055,1
chr11:119232529_C>T,1,0.5912262044279655,1
chr11:11956136_T>A,1,0.7776202357584546,1
chr11:123729128_G>A,0,0.293537915800736,0
chr11:124123112_C>T,0,0.2853267410779446,0
chr11:124123706_A>T,0,0.32758131782296607,0
chr11:124141603_C>T,0,0.40220696394081135,0
chr11:124630824_C>T,1,0.20469911287397993,0
chr11:124637181_G>A,1,0.7388297199361582,1
chr11:124638583_G>A,1,0.6818066038184474,1
chr11:124647464_G>T,1,0.16107064864929382,0
chr11:124649626_T>A,0,0.16183193879020577,0
chr11:124649661_G>C,1,0.18369248815918857,0
chr11:124747597_C>A,1,0.779723654548096,1
chr11:125063426_G>A,0,0.5813746414292335,1
chr11:125895405_C>A,0,0.30002090409441956,0
chr11:126256738_C>T,0,0.28077703036740903,0
chr11:126266248_G>A,0,0.243365180617475,0
chr11:126267613_G>A,0,0.25287028004070133,0
chr11:126274928_C>T,0,0.18708946051218261,0
chr11:126276080_G>T,1,0.1954823454651073,0
chr11:126277612_C>T,1,0.8883711528365899,1
chr11:126292488_C>T,1,0.7487788058785921,1
chr11:126292877_G>A,1,0.509493249159998,1
chr11:126306654_C>T,0,0.310199740347178,0
chr11:126331482_C>T,0,0.2707094072468123,0
chr11:126345347_G>T,1,0.7525712484360054,1
chr11:126345455_G>T,1,0.7942851028138734,1
chr11:129854621_G>T,0,0.3925102174767944,0
chr11:129855851_C>T,1,0.36221960397790837,0
chr11:130880655_G>A,0,0.46527429081962257,0
chr11:13389070_G>A,0,0.6870418093570501,1
chr11:134152958_T>A,1,0.8121191049324905,1
chr11:134168556_G>A,0,0.24805469906474806,0
chr11:134176325_G>C,0,0.21062723979571993,0
chr11:134249854_C>A,0,0.15887832576403074,0
chr11:134250278_G>T,0,0.17616939554773084,0
chr11:134251231_G>A,0,0.43832133152840025,0
chr11:134259656_C>T,1,0.17360442035085583,0
chr11:14843853_C>T,0,0.24052859099807802,0
chr11:14880541_G>A,1,0.24783360245677008,0
chr11:14880724_G>A,0,0.25525408075988487,0
chr11:14880745_G>A,1,0.26830467940240027,0
chr11:17295331_G>A,0,0.4973673523502367,0
chr11:17310873_A>T,0,0.08667699439545536,0
chr11:17995862_G>A,0,0.3314928866885516,0
chr11:18004527_G>A,0,0.32715804110160684,0
chr11:18006658_G>T,0,0.3362461444045997,0
chr11:19147672_C>T,0,0.22133081470776364,0
chr11:19152255_G>T,0,0.17288857429796087,0
chr11:20376649_A>T,0,0.1157488285003888,0
chr11:20383137_C>T,1,0.8075429046266746,1
chr11:20383152_G>T,1,0.8396093043840805,1
chr11:20402928_C>T,0,0.1496682140291669,0
chr11:2300599_C>T,1,0.54568650153243,1
chr11:2308789_G>A,0,0.38899676516039966,0
chr11:233097_C>A,0,0.32467298294932206,0
chr11:251576_C>T,1,0.14314413076187657,0
chr11:289916_C>T,1,0.7631752283050619,1
chr11:294274_C>T,1,0.4765503779013185,0
chr11:3092877_G>A,0,0.6276760364092032,1
chr11:33286751_C>T,1,0.37714020246393076,0
chr11:3360416_G>A,0,0.6546778872017691,1
chr11:33747135_G>A,1,0.6457884697341149,1
chr11:33758521_G>A,1,0.12943094778502265,0
chr11:33859520_C>A,1,0.7715372463193919,1
chr11:34108319_C>T,1,0.6742739274858577,1
chr11:34112071_C>T,0,0.37541675369100785,0
chr11:34134370_C>T,1,0.2996867227526869,0
chr11:34141113_C>T,0,0.4105049460762862,0
chr11:34439065_C>T,0,0.6381458175962177,1
chr11:34456143_C>T,0,0.12068305801647958,0
chr11:34890512_G>A,0,0.13008835475488414,0
chr11:34916249_A>T,1,0.666560962838859,1
chr11:36401230_C>T,1,0.6887961283477269,1
chr11:3666204_C>T,0,0.7119943648459971,1
chr11:419640_G>A,1,0.4204370433045075,0
chr11:428499_A>T,1,0.355718957765279,0
chr11:432044_G>A,1,0.46907602103108,0
chr11:43405613_G>T,1,0.15089983395049156,0
chr11:43882671_C>T,0,0.7173561151139809,1
chr11:4388359_G>A,0,0.2792417871128983,0
chr11:43884007_C>T,0,0.23160524592950035,0
chr11:43892051_T>G,0,0.2786238437121769,0
chr11:43892075_G>A,0,0.2645757888164183,0
chr11:43892093_C>A,0,0.24407241080970987,0
chr11:44067862_G>T,1,0.5250681711983027,1
chr11:44236302_C>T,0,0.3174898712311007,0
chr11:44244213_C>T,1,0.8687223366195462,1
chr11:44600230_C>T,0,0.2962863523432071,0
chr11:44919871_C>T,0,0.3733154926952721,0
chr11:44929173_C>T,0,0.8795625497221584,1
chr11:45869640_G>A,0,0.31574307175419564,0
chr11:45928193_C>T,1,0.42602621167250115,0
chr11:45928253_C>T,0,0.36405879280074416,0
chr11:45928837_C>T,1,0.7912021804368322,1
chr11:4600657_G>C,1,0.7745455453539781,1
chr11:46603772_G>A,1,0.7619068581302348,1
chr11:46701491_C>T,1,0.6887851060899995,1
chr11:47232931_C>T,0,0.20138762661188023,0
chr11:47234610_C>T,1,0.17388148842877202,0
chr11:47235348_G>A,0,0.1675139666154253,0
chr11:47237876_C>T,0,0.21641273130715952,0
chr11:47584464_A>T,1,0.8459023600397085,1
chr11:47813019_A>T,0,0.2456814983956366,0
chr11:48110066_C>A,0,0.5035402652531393,1
chr11:5226774_G>A,0,0.38914238177324545,0
chr11:5664880_G>A,1,0.7524866333147214,1
chr11:5678206_G>A,0,0.2534349368823696,0
chr11:5679991_G>A,1,0.5006153143674427,1
chr11:5696437_C>T,0,0.49916317538012184,0
chr11:5698339_A>T,0,0.23939249631491444,0
chr11:5708234_C>T,0,0.2450643985830753,0
chr11:5709515_C>A,1,0.8172654494015469,1
chr11:57528840_G>T,1,0.8093637593190371,1
chr11:57552384_G>A,1,0.8449918006156274,1
chr11:57659627_C>T,1,0.5676378077162748,1
chr11:57660876_C>T,1,0.670995386015536,1
chr11:58550124_G>T,0,0.2767160991051017,0
chr11:59638395_G>A,1,0.8193639441994071,1
chr11:59795435_C>T,1,0.7811462520087903,1
chr11:59809914_C>T,1,0.656025852394094,1
chr11:59863949_G>A,0,0.3408852125096118,0
chr11:60173043_G>C,0,0.753575492898444,1
chr11:60292344_T>A,0,0.3064757738118333,0
chr11:60297253_T>A,0,0.23219810780704425,0
chr11:60302713_T>G,0,0.2424555132314846,0
chr11:60415626_C>T,0,0.7553982385557331,1
chr11:60416490_A>T,1,0.7260037525034712,1
chr11:60416826_C>T,1,0.763911616650296,1
chr11:60416832_C>T,1,0.7700764948140483,1
chr11:60416931_C>T,1,0.7519493734028837,1
chr11:60462444_C>T,1,0.6569759638000876,1
chr11:60842149_C>T,1,0.7683329629504683,1
chr11:60842551_G>T,0,0.5272403440256374,1
chr11:60842854_C>T,0,0.4125451322292262,0
chr11:60922082_C>T,1,0.8668935864358918,1
chr11:60942124_G>A,0,0.34866710563327175,0
chr11:60943695_G>C,0,0.30330684508140354,0
chr11:60946561_G>T,0,0.39866216327659393,0
chr11:61009637_C>T,0,0.41888161080518843,0
chr11:61017803_G>T,0,0.47578344221370056,0
chr11:61134195_G>A,0,0.742789759461584,1
chr11:61258947_G>A,1,0.8804293156074199,1
chr11:61259016_G>A,0,0.844162947943696,1
chr11:61368701_C>T,1,0.8450906993881506,1
chr11:61393308_G>T,0,0.31282251248434007,0
chr11:61397797_C>T,1,0.3525004384154626,0
chr11:61430169_C>A,1,0.7826461930408513,1
chr11:61964858_C>A,1,0.7809960234882315,1
chr11:62533819_G>A,1,0.7111190238873812,1
chr11:62620579_G>A,1,0.3834935170240929,0
chr11:62669990_C>T,1,0.7548642738883434,1
chr11:62690509_C>T,1,0.9100780428648118,1
chr11:62705385_C>T,0,0.3500760616993354,0
chr11:62707142_G>T,1,0.6630079665262804,1
chr11:62752360_G>C,0,0.7858918305918831,1
chr11:62752940_G>C,0,0.8044122623228954,1
chr11:62775793_C>T,1,0.7676493453421824,1
chr11:62834279_G>A,0,0.2808382010223936,0
chr11:62884514_G>T,0,0.45014430212438344,0
chr11:63508938_C>T,0,0.3673212003147362,0
chr11:63659133_G>A,0,0.47653484166685695,0
chr11:6392119_G>T,0,0.35148581364642534,0
chr11:6393680_C>T,0,0.33494556339593334,0
chr11:63945888_C>T,1,0.5280401742147801,1
chr11:63974763_C>A,0,0.4541800224190699,0
chr11:63999549_G>T,0,0.29812038665463597,0
chr11:6410951_G>A,1,0.5442673025326812,1
chr11:64223373_C>T,1,0.8008261963895769,1
chr11:64225788_G>A,0,0.6697972902162039,1
chr11:64226814_G>A,0,0.5494616008406701,1
chr11:64229298_C>T,0,0.29765261218000405,0
chr11:64231938_C>T,0,0.6852473028179513,1
chr11:64244015_C>T,1,0.8793766130500902,1
chr11:64342588_G>T,1,0.5100856497447656,1
chr11:64342621_G>T,1,0.5305999612112895,1
chr11:64344457_G>A,0,0.5763568787137635,1
chr11:64352328_C>T,1,0.47671521128392313,0
chr11:64353366_C>T,1,0.43484466672669136,0
chr11:64354146_G>T,0,0.5027670127726661,1
chr11:64759751_G>A,1,0.6273014346077511,1
chr11:64796325_G>A,1,0.2874468234730162,0
chr11:64802080_G>A,1,0.36411526176653786,0
chr11:64860097_C>A,0,0.4144779927397258,0
chr11:64896784_C>A,1,0.6053420456509082,1
chr11:64910192_G>A,0,0.5811063105282258,1
chr11:64933732_G>A,1,0.8122522031439916,1
chr11:65038793_C>T,1,0.8439266979023785,1
chr11:65107829_C>T,0,0.34420595225959677,0
chr11:65115364_C>T,1,0.4266126389987159,0
chr11:65188596_C>T,0,0.194259287970584,0
chr11:65267489_A>T,1,0.47184226331490076,0
chr11:65278758_C>T,0,0.36783521642580225,0
chr11:65297231_C>T,0,0.8059357945955986,1
chr11:6534014_G>T,0,0.5984031576949043,1
chr11:65376923_G>A,1,0.4635224405290643,0
chr11:65379923_G>A,1,0.5394368744437458,1
chr11:6539912_G>T,0,0.518789642277921,1
chr11:65411256_C>T,1,0.8554856952821812,1
chr11:65411331_C>T,1,0.8326335115658934,1
chr11:6545449_C>T,1,0.5495758080054444,1
chr11:6547572_T>A,1,0.5149134445381208,1
chr11:65526274_A>T,1,0.35683867811427306,0
chr11:65531678_C>T,0,0.3405848867739512,0
chr11:65546826_G>C,0,0.5819330643576965,1
chr11:65576327_C>T,1,0.6564432214886392,1
chr11:6558077_C>T,1,0.5071008568722285,1
chr11:6558205_C>A,1,0.5558733439884418,1
chr11:65583316_C>T,1,0.3858855971923559,0
chr11:6559185_C>T,1,0.553141171807039,1
chr11:6563801_C>T,1,0.5773732131300564,1
chr11:65641009_C>T,0,0.7821070260340953,1
chr11:6564672_C>T,1,0.6202181993590189,1
chr11:6567651_C>T,1,0.530582406678549,1
chr11:6570824_C>T,1,0.6083378104411752,1
chr11:65714600_G>T,0,0.424981954760675,0
chr11:65779211_C>A,1,0.7859781259302482,1
chr11:65779754_C>A,1,0.7992550546267997,1
chr11:65862462_C>T,1,0.422237260253504,0
chr11:65882180_G>T,0,0.277784498882065,0
chr11:65882486_G>A,0,0.20731555875305901,0
chr11:65884429_G>A,1,0.6846319546203291,1
chr11:65966497_C>T,0,0.348172261763897,0
chr11:66020843_C>T,1,0.34537604295554486,0
chr11:6603482_C>T,1,0.7636985011233828,1
chr11:6614638_G>A,1,0.8450897603379046,1
chr11:6617040_G>A,0,0.18426760187029873,0
chr11:6617627_G>A,0,0.27863851279752355,0
chr11:66285386_G>C,0,0.1938140188945202,0
chr11:66332428_G>A,0,0.8486643578824444,1
chr11:66334914_G>T,0,0.6596779765204764,1
chr11:66491594_G>A,0,0.17948950796770516,0
chr11:66526786_C>T,0,0.39711080550553174,0
chr11:66566363_G>A,0,0.1781327565077569,0
chr11:66669037_G>A,0,0.7656388499311829,1
chr11:66858156_G>T,1,0.6133353938772226,1
chr11:67290363_C>T,1,0.5160165341472568,1
chr11:67307549_G>A,0,0.4059350927677552,0
chr11:67308216_C>T,1,0.3708165959445598,0
chr11:67392731_C>G,1,0.5923438779980975,1
chr11:67399637_C>T,0,0.117750297881165,0
chr11:67405132_G>A,1,0.5561278533235929,1
chr11:67409086_C>T,1,0.8004008210177987,1
chr11:67409566_C>T,1,0.8335759319723651,1
chr11:67409719_C>T,1,0.8402885852585762,1
chr11:67429539_C>T,0,0.5097843249018582,1
chr11:67432743_C>G,0,0.3248990024993346,0
chr11:67433198_C>G,0,0.2915606670138043,0
chr11:67434245_G>A,0,0.40823103935835775,0
chr11:67441787_G>A,0,0.26638160521198173,0
chr11:67609600_C>T,0,0.15824256953382115,0
chr11:67627985_A>T,1,0.7603741126754581,1
chr11:68015325_C>T,0,0.7700122883370365,1
chr11:68049783_C>T,1,0.6118312462104366,1
chr11:68896635_A>C,0,0.14662074682449977,0
chr11:68903782_A>C,1,0.6732534455885782,1
chr11:68908327_C>T,0,0.3970548504695396,0
chr11:68933864_C>A,0,0.38055835077141165,0
chr11:68933892_G>T,1,0.32011322692607436,0
chr11:69078921_C>A,1,0.5022104708804999,1
chr11:71435657_G>T,1,0.7787675532235273,1
chr11:71441401_C>T,0,0.2297378771836255,0
chr11:71444022_G>A,0,0.27360324989526547,0
chr11:72004747_G>A,1,0.6218721174049552,1
chr11:72139415_G>A,1,0.1912946977547883,0
chr11:72139661_G>T,0,0.5764380876346871,1
chr11:72139703_C>T,1,0.631523979787465,1
chr11:72235734_C>T,0,0.5895717496065215,1
chr11:72317217_G>A,0,0.2710728425817167,0
chr11:72697184_C>A,0,0.5493993318850275,1
chr11:72712550_G>A,1,0.5699292911807907,1
chr11:72757857_G>A,0,0.2593906869723864,0
chr11:72757879_G>T,0,0.2429413510055352,0
chr11:72821734_C>T,1,0.3419911296056806,0
chr11:72828426_C>T,1,0.42991203738600936,0
chr11:72828953_A>T,1,0.7449938851632258,1
chr11:73395112_C>T,1,0.5790535123715894,1
chr11:73651814_C>T,0,0.4640360543737237,0
chr11:74037499_G>A,1,0.27508560822041317,0
chr11:747539_C>T,1,0.4206847595655852,0
chr11:74994691_C>T,0,0.7901030275148021,1
chr11:75277433_C>A,0,0.2496010094265818,0
chr11:75442371_G>A,1,0.4071821131943021,0
chr11:75796509_T>A,0,0.4548951340575033,0
chr11:75798272_C>A,0,0.37690297712488885,0
chr11:75798306_C>T,0,0.3888571653148258,0
chr11:760204_C>T,0,0.09502272614729632,0
chr11:76141345_C>T,1,0.851979949169164,1
chr11:7642359_C>T,1,0.2919004343995227,0
chr11:7649212_C>T,0,0.4594365603836984,0
chr11:77891773_G>A,0,0.20401198885280583,0
chr11:77894312_G>A,1,0.17329089509503534,0
chr11:77928380_G>A,0,0.1732391202385001,0
chr11:77991269_G>A,1,0.5361388495465275,1
chr11:78106895_G>A,0,0.28798063636312576,0
chr11:78113978_G>A,0,0.23550210523604515,0
chr11:78213681_C>A,0,0.8185068085996715,1
chr11:78280653_C>T,1,0.3914540585409085,0
chr11:78436798_G>A,0,0.7224485273969564,1
chr11:78571426_G>A,0,0.39116332058197584,0
chr11:799847_G>C,1,0.8396495279233619,1
chr11:800378_G>T,0,0.4806634781292851,0
chr11:803441_G>A,0,0.6632921436307141,1
chr11:804260_G>T,1,0.7360681189944157,1
chr11:83285960_G>A,1,0.8273332365503719,1
chr11:842456_C>T,0,0.6883575508573054,1
chr11:85654139_C>T,1,0.2568985977519566,0
chr11:88294059_C>A,1,0.8672421416765611,1
chr11:88337577_A>C,0,0.6828872111450729,1
chr11:899350_G>A,0,0.20761030160261984,0
chr11:904711_C>A,0,0.4318461282526883,0
chr11:93181713_G>A,1,0.18439972963257004,0
chr11:93753728_C>G,0,0.06278464652558773,0
chr11:93793966_C>T,0,0.2682694828733288,0
chr11:93801866_C>T,0,0.20953104281601498,0
chr11:93809729_C>T,1,0.25470216995983663,0
chr11:94180840_C>T,1,0.7703575761704872,1
chr11:94456323_C>A,1,0.20838090491195346,0
chr11:94470473_T>A,0,0.17979881110691512,0
chr11:94496883_C>T,0,0.36645679452655583,0
chr11:95128956_C>T,0,0.8109258814658853,1
chr11:95835322_G>A,1,0.7596232327471468,1
chr11:95835361_G>A,1,0.7896239548962835,1
chr11:95979388_G>A,1,0.857089284123205,1
chr11:9993950_G>A,0,0.3227403997961984,0
chr12:10015288_G>A,1,0.239783043525578,0
chr12:10015698_G>A,1,0.651436957030803,1
chr12:100210117_G>T,0,0.13699716916036092,0
chr12:10126622_G>A,1,0.24905795989366208,0
chr12:101402915_G>C,0,0.173167555514788,0
chr12:10159960_G>A,0,0.7235024260834584,1
chr12:101714611_C>T,0,0.08505731885041802,0
chr12:101764687_G>A,0,0.3261958340381114,0
chr12:102075003_G>A,0,0.6849477195101917,1
chr12:10378613_G>A,0,0.2739212409906232,0
chr12:10386988_A>T,1,0.611359081428224,1
chr12:103943098_C>T,0,0.13542258250938263,0
chr12:103985652_T>A,0,0.26003455933099473,0
chr12:104068039_T>A,1,0.2926079797032746,0
chr12:105144365_C>T,0,0.27693956588841473,0
chr12:105164173_C>T,0,0.4687647407587154,0
chr12:105188376_C>A,1,0.152476622212883,0
chr12:105189793_C>A,0,0.24252618948851437,0
chr12:105195266_G>T,0,0.1832308472240442,0
chr12:105195500_C>T,0,0.15637037365285722,0
chr12:106318354_C>T,0,0.3342534918487157,0
chr12:106321539_T>A,1,0.2829620829337477,0
chr12:106321651_C>T,0,0.2682619283777652,0
chr12:106346468_C>T,1,0.8306005246960443,1
chr12:106997503_G>A,0,0.21322262293425084,0
chr12:10710112_G>C,0,0.2381543268301484,0
chr12:107712131_C>T,1,0.8707259408395471,1
chr12:109090143_A>C,0,0.3203339004972735,0
chr12:109246395_G>T,1,0.30559603230064714,0
chr12:109264258_C>T,1,0.5345960319450757,1
chr12:109264314_C>A,1,0.4369929651264696,0
chr12:109265521_C>T,1,0.8221731382708762,1
chr12:109483612_G>T,0,0.7696123069843261,1
chr12:109521504_C>T,1,0.42684935237211874,0
chr12:109524086_G>T,0,0.43602155546094445,0
chr12:109557081_G>A,1,0.7875094963223276,1
chr12:109571706_G>A,1,0.3057732012181838,0
chr12:109573469_G>T,1,0.649200310769064,1
chr12:109586058_G>A,0,0.31869814415776354,0
chr12:109596548_C>T,1,0.8519601539774249,1
chr12:109903090_C>T,1,0.7112441165890281,1
chr12:109903120_C>T,1,0.7154934546650182,1
chr12:109907583_C>T,0,0.3010625857421934,0
chr12:109911108_G>T,0,0.3672413057472076,0
chr12:109915429_G>A,1,0.5472179191219996,1
chr12:109915448_G>T,1,0.5259636511878892,1
chr12:109915502_C>T,1,0.7735123077106253,1
chr12:109983429_A>C,0,0.3075903099451612,0
chr12:110033826_C>T,0,0.1607772517634806,0
chr12:110387798_C>T,0,0.12173189625001922,0
chr12:110457563_G>A,0,0.14204659340872816,0
chr12:110459812_G>A,0,0.13887153859411827,0
chr12:110486614_C>T,0,0.20691114773539418,0
chr12:111446805_G>A,1,0.5752477672303561,1
chr12:111709592_C>T,1,0.3560223600367895,0
chr12:111729850_C>T,0,0.4487613332695496,0
chr12:111733980_G>A,1,0.4325023484854129,0
chr12:111749316_G>T,0,0.536729900439051,1
chr12:111753859_C>T,1,0.6304387343133862,1
chr12:111755722_C>T,1,0.7515350596628154,1
chr12:111756393_C>T,1,0.860651957422576,1
chr12:111783234_C>A,0,0.18278674270279632,0
chr12:111888545_C>T,1,0.23205554269845213,0
chr12:111931777_C>T,1,0.7908858276407277,1
chr12:112019819_C>T,0,0.2288797095451529,0
chr12:112907178_C>T,0,0.6288399518334229,1
chr12:112908572_C>T,0,0.34915447431284324,0
chr12:112916722_C>T,1,0.3098696234426129,0
chr12:112917639_G>A,0,0.3417823456344535,0
chr12:112946863_C>T,1,0.5214784817669539,1
chr12:112948918_C>T,0,0.5463257634661969,1
chr12:112950819_C>T,0,0.476879392181502,0
chr12:112962833_G>A,0,0.3876532431853622,0
chr12:112965870_C>T,0,0.5629590946535612,1
chr12:112969664_G>A,0,0.5642799154813907,1
chr12:112995337_A>T,0,0.21531958817081331,0
chr12:113009175_G>T,1,0.7960093509098578,1
chr12:113009180_G>A,1,0.8098549973321035,1
chr12:113158936_G>A,1,0.8378339624437325,1
chr12:113161965_G>T,0,0.3866987797311327,0
chr12:113175093_G>A,0,0.30683948738104155,0
chr12:113179166_G>A,0,0.2671330360299841,0
chr12:113186798_C>T,0,0.8041755321057662,1
chr12:113186810_C>T,1,0.81761556839976,1
chr12:113191359_C>T,1,0.8333264898171477,1
chr12:113191776_C>T,1,0.8491785550053573,1
chr12:113295965_G>A,1,0.8354739573016691,1
chr12:113372717_C>G,0,0.3122204141170049,0
chr12:113386999_G>A,1,0.26305135686303704,0
chr12:113436806_C>T,0,0.37490210741814656,0
chr12:118016858_C>T,1,0.735196371271631,1
chr12:118029804_T>A,1,0.6394405296651312,1
chr12:118136342_C>T,0,0.1884636111212464,0
chr12:119672307_G>T,0,0.3128671453755113,0
chr12:120219395_C>A,1,0.505210817065977,1
chr12:120219487_C>T,1,0.5775451482672794,1
chr12:120219835_G>C,1,0.5862351533118456,1
chr12:120219959_G>A,1,0.5796323702282138,1
chr12:120446828_A>T,1,0.26742033506606244,0
chr12:120462022_G>C,1,0.8923974998493426,1
chr12:120529044_C>T,1,0.5851121571549731,1
chr12:120579353_C>A,1,0.8384179739808668,1
chr12:120737404_C>T,0,0.3043160056675485,0
chr12:121020683_G>A,1,0.7848690019697752,1
chr12:121021052_G>A,1,0.6965248523672012,1
chr12:121027815_A>T,0,0.3387262830212755,0
chr12:121031513_T>A,0,0.3604963548558179,0
chr12:121033656_C>A,0,0.4715901875719978,0
chr12:121166149_C>T,1,0.38630795481651037,0
chr12:121177371_C>A,0,0.3939059433091175,0
chr12:121184605_G>T,1,0.8300049788673769,1
chr12:121319782_T>A,0,0.1653301752045532,0
chr12:121347814_G>T,1,0.2365882489573959,0
chr12:121352242_G>C,1,0.5708495121683677,1
chr12:121423550_C>T,1,0.8764563862885617,1
chr12:122273084_G>A,1,0.9012763319063114,1
chr12:122354520_G>A,0,0.21036052082263812,0
chr12:122473537_G>C,1,0.7711904844475505,1
chr12:122848591_C>T,1,0.48748911373407966,0
chr12:122861018_C>T,0,0.39067555566513407,0
chr12:122867259_G>A,1,0.8970496501647267,1
chr12:122976678_C>T,0,0.5198700742013626,1
chr12:122978912_G>T,1,0.4630427695774091,0
chr12:122980742_C>T,1,0.3417143398705957,0
chr12:123163015_G>A,0,0.39584681102683894,0
chr12:123165410_G>A,1,0.23100281093350136,0
chr12:123227516_G>A,1,0.42328730221649163,0
chr12:123616545_G>T,0,0.20468266644153643,0
chr12:123648087_G>T,0,0.18674001543637314,0
chr12:123737134_C>T,0,0.25555315667415257,0
chr12:123743911_G>T,0,0.2854019487252858,0
chr12:123752340_C>T,0,0.36104437331817096,0
chr12:125102778_C>T,0,0.2801006753370115,0
chr12:128875975_C>T,1,0.5359655055730983,1
chr12:128888644_C>T,1,0.23927657792502563,0
chr12:128888656_G>T,1,0.2060475999669504,0
chr12:128926412_C>T,0,0.27333705084391674,0
chr12:128957641_C>T,1,0.6204957104549654,1
chr12:128982995_G>T,1,0.7100449979995324,1
chr12:130801203_G>A,0,0.16408465186632498,0
chr12:130807000_G>A,0,0.15278346688640523,0
chr12:131851039_C>G,0,0.8542647901890142,1
chr12:131851041_C>T,1,0.8458471900585038,1
chr12:131941527_C>A,0,0.41291808505555616,0
chr12:131987835_G>A,0,0.30199178410492433,0
chr12:132642586_C>T,0,0.34058984771348,0
chr12:132657873_G>A,0,0.29591907770533915,0
chr12:132677419_G>A,0,0.5745366509440224,1
chr12:132714985_C>T,0,0.3004559321868247,0
chr12:132729818_G>A,1,0.4502394811414688,0
chr12:132741452_C>A,0,0.29721825014124054,0
chr12:132775278_G>A,1,0.40891767325028944,0
chr12:133106181_G>T,1,0.7870567031191172,1
chr12:133106505_G>T,1,0.7959910783208999,1
chr12:133106600_T>G,1,0.7805053134154397,1
chr12:14424183_G>T,1,0.4963424353880805,0
chr12:14498062_C>T,1,0.8000590443392709,1
chr12:14506942_G>A,0,0.1595265080322772,0
chr12:14507111_C>T,0,0.09377998412612136,0
chr12:14535663_G>T,0,0.09456251502796342,0
chr12:14937954_G>A,0,0.2626193813543392,0
chr12:16357668_C>T,0,0.7151279719594937,1
chr12:21468614_C>T,1,0.7675577796924445,1
chr12:21471570_T>A,0,0.14257493934114976,0
chr12:21474977_G>A,0,0.10095780788295039,0
chr12:21475773_A>T,0,0.10305850320478177,0
chr12:21477874_G>A,0,0.0866420547899522,0
chr12:21477940_G>A,1,0.09308706046448384,0
chr12:22058683_G>T,0,0.16206793121785612,0
chr12:22469778_C>A,0,0.2725663493098458,0
chr12:22525640_G>A,0,0.3206205776382451,0
chr12:25204169_A>T,1,0.7888032502917345,1
chr12:26399023_G>A,0,0.2916124731958142,0
chr12:26439205_G>A,0,0.24999919905282234,0
chr12:26486265_C>A,0,0.32460604274492205,0
chr12:26487077_G>A,0,0.3843412752207154,0
chr12:26914046_A>C,0,0.19647444798410627,0
chr12:26960566_C>T,0,0.15359218871358601,0
chr12:26974036_G>A,1,0.8857801383479076,1
chr12:26990493_G>C,0,0.15555051321250501,0
chr12:27022598_C>T,1,0.6647189879746447,1
chr12:27716393_C>T,0,0.13887766787377573,0
chr12:2799126_C>T,0,0.2544609866135316,0
chr12:2800488_C>T,0,0.21622014740165754,0
chr12:2823928_C>T,1,0.7944384874522155,1
chr12:2887992_C>T,1,0.7269235160166048,1
chr12:2888230_C>A,0,0.8166988787590861,1
chr12:2888388_C>T,0,0.8391024001488495,1
chr12:2931070_C>T,0,0.270905860476374,0
chr12:29361664_G>A,0,0.1333494072719073,0
chr12:31083963_G>T,1,0.5575193011050996,1
chr12:32619761_C>T,0,0.16695750768930467,0
chr12:32755777_G>T,1,0.7425086381832756,1
chr12:32755833_C>T,1,0.751714458825794,1
chr12:3638318_T>A,0,0.5008434554988537,1
chr12:3673576_G>A,0,0.3158822236859179,0
chr12:3678964_G>A,1,0.32396685860580543,0
chr12:40278014_C>T,0,0.1657029117536617,0
chr12:40283947_C>T,1,0.1791639151098421,0
chr12:40305946_T>A,1,0.20070460090403305,0
chr12:40321165_C>G,0,0.1465488839121168,0
chr12:40364987_C>T,1,0.3054369036222373,0
chr12:418581_C>T,0,0.3383482711624169,0
chr12:42317384_G>A,0,0.07859496933668901,0
chr12:43771227_G>T,0,0.4027956032959315,0
chr12:43772233_C>T,0,0.22894817175258192,0
chr12:43778238_C>T,0,0.19079833326245627,0
chr12:43782318_T>G,0,0.16345824620416702,0
chr12:438362_T>G,1,0.3683169143640387,0
chr12:440701_C>T,1,0.3054759771889164,0
chr12:441903_G>T,1,0.826627865513855,1
chr12:45891886_C>T,0,0.3899313731162972,0
chr12:4604918_C>G,1,0.16886006160628284,0
chr12:47686878_A>T,0,0.11501423361376292,0
chr12:47686901_C>A,1,0.13179732442300413,0
chr12:47865107_G>A,1,0.46849938691135884,0
chr12:48693203_G>A,1,0.8678118049214864,1
chr12:48923845_G>A,1,0.18063823146979108,0
chr12:49002982_C>A,1,0.8775735109100592,1
chr12:49101483_G>A,1,0.3407815502200682,0
chr12:49110504_C>A,0,0.7220965998337977,1
chr12:49269525_G>T,1,0.6644491136100635,1
chr12:49656451_G>A,0,0.32571939050086657,0
chr12:50138596_G>A,1,0.22910899564054713,0
chr12:51000413_G>A,0,0.27097738747608635,0
chr12:51056449_A>T,0,0.19845144254018302,0
chr12:51299208_A>T,0,0.27007938800729425,0
chr12:51377276_G>A,1,0.3773189639871522,0
chr12:52618428_G>A,0,0.6037389223690017,1
chr12:53077164_G>A,0,0.4067176233327447,0
chr12:53160265_T>A,1,0.33253750922837716,0
chr12:53160827_C>T,1,0.26032130208051524,0
chr12:53200255_C>T,1,0.6590391312851394,1
chr12:54497811_C>T,1,0.6531754559117421,1
chr12:54542622_T>A,1,0.7745777254927733,1
chr12:54542641_C>T,1,0.7698718906971665,1
chr12:54963009_G>A,0,0.38625060186227,0
chr12:55696360_G>A,0,0.5662428159790467,1
chr12:55723941_C>T,1,0.4795595378327674,0
chr12:55842818_G>A,0,0.6553112537991459,1
chr12:56130821_C>T,0,0.26981265588419884,0
chr12:56143087_C>T,0,0.2806417677752008,0
chr12:56143265_C>T,0,0.38752224282296605,0
chr12:56184852_T>A,0,0.3464423745207133,0
chr12:56311406_A>C,0,0.11994998826884815,0
chr12:56323872_G>A,1,0.3787920882313124,0
chr12:56351308_G>A,0,0.2366654165124337,0
chr12:56356134_G>A,1,0.3585587660014923,0
chr12:56417954_A>T,0,0.6906633554836291,1
chr12:56420840_G>A,1,0.38654870106671996,0
chr12:56423453_G>A,0,0.23522753144679334,0
chr12:56423657_C>A,0,0.23422564844870256,0
chr12:56425029_G>A,0,0.19754721534090164,0
chr12:56430215_G>A,0,0.16339683122189252,0
chr12:565366_G>A,0,0.7861710186939705,1
chr12:57184979_C>G,0,0.19643710790324373,0
chr12:57472606_G>A,1,0.8056583309672543,1
chr12:57475866_C>T,1,0.5609994858906723,1
chr12:57479109_G>A,0,0.7277042293550593,1
chr12:57479286_G>A,1,0.6916606565564428,1
chr12:57479352_G>A,0,0.7588256180024507,1
chr12:57516850_G>A,1,0.88315126973098,1
chr12:57599101_C>T,0,0.2419023398855563,0
chr12:57601559_C>T,1,0.809949112195284,1
chr12:57746245_C>T,0,0.2239666383036668,0
chr12:62585407_C>T,1,0.3214137464561498,0
chr12:6457522_C>T,0,0.4097271277945894,0
chr12:6457579_C>T,0,0.3757826359991621,0
chr12:6462070_G>A,1,0.7994442433918658,1
chr12:64716767_G>A,1,0.8494841818641233,1
chr12:6492417_G>A,1,0.7301002939546527,1
chr12:6492421_C>T,1,0.6856031238818109,1
chr12:6509734_C>T,1,0.5436923620583389,1
chr12:65169627_C>T,1,0.6835152536895747,1
chr12:6529833_C>T,0,0.370700265088757,0
chr12:65308634_C>T,0,0.5383242667213268,1
chr12:6530931_C>G,0,0.5382851590456131,1
chr12:6531019_C>T,1,0.535278057948217,1
chr12:6541513_G>A,1,0.809050758399503,1
chr12:6557028_G>A,1,0.8740571095187021,1
chr12:66203804_G>A,0,0.4302212447564754,0
chr12:66203866_C>T,1,0.35488539456479556,0
chr12:66211549_C>A,0,0.23855574220274695,0
chr12:66322010_C>T,1,0.23846388518640008,0
chr12:66325101_G>A,1,0.2776305555831214,0
chr12:6638329_G>A,1,0.723556676544628,1
chr12:6640198_G>C,1,0.2193950076699779,0
chr12:6644375_G>A,1,0.30062942480339155,0
chr12:6778373_G>T,1,0.7983559094804897,1
chr12:68155376_G>A,1,0.6912870467634373,1
chr12:6827046_C>T,1,0.80853165854783,1
chr12:6869703_G>A,0,0.13296501539714392,0
chr12:6869771_C>T,0,0.13456890530212137,0
chr12:6870073_C>T,0,0.20273850489549283,0
chr12:6872362_G>T,0,0.5314069534395482,1
chr12:68733583_C>T,0,0.20930518935777662,0
chr12:69350122_A>T,0,0.30143310493972475,0
chr12:69350146_C>T,0,0.29810674279248545,0
chr12:6941484_C>T,1,0.5606107981391011,1
chr12:6944140_C>T,1,0.494535327305426,0
chr12:6952095_C>T,0,0.32783161931506455,0
chr12:71663367_G>A,1,0.4565359552656617,0
chr12:71689599_C>T,1,0.3866966895147032,0
chr12:7495137_C>T,0,0.2156367324166463,0
chr12:7495268_G>T,0,0.2031384165043618,0
chr12:7496960_G>A,0,0.25022323173128735,0
chr12:75495628_C>A,0,0.18364298592248288,0
chr12:75498699_C>T,1,0.21299888003872686,0
chr12:75498705_C>T,1,0.21833187957174538,0
chr12:75498852_G>A,1,0.7965493915779431,1
chr12:75498876_C>A,1,0.8024173984700556,1
chr12:76369817_C>T,0,0.1263259153541437,0
chr12:7929746_G>A,0,0.2271490174107628,0
chr12:80937700_G>T,1,0.7981789110029328,1
chr12:8129280_T>G,0,0.2295222242212249,0
chr12:8136815_G>T,0,0.2269314163167139,0
chr12:8136865_G>A,1,0.6561472999611019,1
chr12:82357174_G>A,0,0.39867759414222526,0
chr12:8518211_A>T,0,0.23772871384433383,0
chr12:8539265_G>A,1,0.2824793956179409,0
chr12:8539914_C>T,1,0.5042742696608652,1
chr12:8922756_C>T,0,0.3111089815908215,0
chr12:89421167_G>A,1,0.8092998330968383,1
chr12:9106262_G>A,0,0.34067037231332264,0
chr12:913403_A>C,1,0.8760850986468829,1
chr12:914052_G>T,1,0.5251876317112416,1
chr12:93678793_C>T,1,0.6950452186309489,1
chr12:94582490_G>A,1,0.5106069062488571,1
chr12:94650383_G>C,0,0.8223843508755817,1
chr12:95057843_G>A,0,0.17603664217235446,0
chr12:95266556_C>T,1,0.19392146415775868,0
chr12:95300641_G>T,1,0.8086761336478875,1
chr12:9598058_A>T,1,0.5493838660161077,1
chr12:9598609_G>A,0,0.18436575217358303,0
chr12:95986146_G>A,1,0.16790707860256857,0
chr12:95990408_C>T,0,0.1913172091007187,0
chr12:95993462_G>C,1,0.1380601914108903,0
chr12:95993831_G>T,0,0.20772211949941083,0
chr12:95994107_C>A,0,0.17953087723527375,0
chr12:96246964_C>T,1,0.4466904674241194,0
chr12:9754587_C>T,0,0.7014394397114727,1
chr12:9832341_T>A,1,0.32661678666079513,0
chr12:9841830_G>A,0,0.1559821255439981,0
chr12:98727194_G>T,1,0.338355159807143,0
chr12:98732541_T>A,1,0.7583500954913472,1
chr12:9979419_C>T,0,0.2240631929196888,0
chr13:102644960_G>T,0,0.16385385819440598,0
chr13:102834502_G>A,0,0.1548737397958728,0
chr13:102862805_T>A,1,0.3556945411096323,0
chr13:110524102_C>A,1,0.8620889175443832,1
chr13:110641583_C>T,1,0.7670403114416711,1
chr13:110642422_C>A,0,0.4884854506123693,0
chr13:113195088_G>A,0,0.20470567593281272,0
chr13:113495696_C>T,1,0.5137679195044028,1
chr13:113495915_C>T,0,0.3188849967981535,0
chr13:113500018_C>T,0,0.1648827679194001,0
chr13:114298846_A>T,1,0.12156014397790312,0
chr13:114298864_G>T,0,0.14775440091946745,0
chr13:114298930_G>T,0,0.21382896341556668,0
chr13:19633854_G>T,1,0.6182545543034816,1
chr13:19668382_C>G,1,0.24739981875886097,0
chr13:19852035_G>C,1,0.6196537238157558,1
chr13:20512474_G>A,1,0.25426514484362606,0
chr13:20512487_A>C,1,0.28448085246055793,0
chr13:21140577_C>T,1,0.5992102553017996,1
chr13:21381436_G>C,1,0.7423637749786459,1
chr13:21502943_T>A,1,0.07109177524960397,0
chr13:21510008_G>A,0,0.09500328697146504,0
chr13:21566836_G>A,0,0.14932760758422625,0
chr13:24421127_G>A,1,0.8714479989020917,1
chr13:24443709_G>A,0,0.2779377929377509,0
chr13:24446695_T>A,0,0.21193609695216564,0
chr13:24446731_C>A,0,0.19079655598758982,0
chr13:24452548_G>A,0,0.3212872573500755,0
chr13:25249235_A>T,1,0.8924479520077807,1
chr13:25253895_C>T,0,0.12975277537036997,0
chr13:25266132_G>C,1,0.16585265402756708,0
chr13:26393429_C>T,1,0.15165368444555485,0
chr13:27273138_C>T,1,0.7811166808404227,1
chr13:27429952_C>T,0,0.08714314461676059,0
chr13:27434204_A>T,0,0.10572780718744469,0
chr13:27434846_A>T,0,0.09043114429326891,0
chr13:27435680_G>A,1,0.8910179200467321,1
chr13:27440106_G>A,1,0.30990341953549017,0
chr13:27440145_G>A,1,0.26665466504259866,0
chr13:27550460_G>A,0,0.32923422389563894,0
chr13:27569077_C>A,0,0.28036202550837513,0
chr13:28713144_G>T,1,0.3414974767391162,0
chr13:28713238_G>A,1,0.3435888122221212,0
chr13:28713250_G>A,1,0.31568809123204195,0
chr13:28713442_G>A,0,0.29993433607501935,0
chr13:30631316_G>A,1,0.33102615256964546,0
chr13:32535770_G>A,0,0.29278890851313266,0
chr13:32535909_C>T,0,0.31653030885147426,0
chr13:37047918_G>A,1,0.5224443908768641,1
chr13:39047055_C>T,0,0.17328060490144145,0
chr13:40767009_A>T,0,0.5210866161941037,1
chr13:41065194_G>T,1,0.360324031282852,0
chr13:41080781_C>T,0,0.6074480574590782,1
chr13:41240356_G>A,0,0.24847177683404917,0
chr13:41260698_C>T,1,0.4144241905894143,0
chr13:41260725_A>T,1,0.5368248611531834,1
chr13:41372764_C>T,1,0.21099709309547499,0
chr13:41458394_C>G,1,0.3113247483149355,0
chr13:41605209_G>A,1,0.36403968018311106,0
chr13:41761150_G>A,0,0.24271661630271796,0
chr13:41887304_G>A,1,0.4056319751556823,0
chr13:42895033_C>T,1,0.5877074068826554,1
chr13:42926429_G>C,0,0.2294029540232432,0
chr13:45408991_G>A,0,0.5635828456463636,1
chr13:46350262_G>A,1,0.24491321919159773,0
chr13:46359610_G>A,0,0.22891054424865168,0
chr13:46363140_G>T,0,0.22445532314372948,0
chr13:46368177_G>A,1,0.32245333335008525,0
chr13:46741693_C>T,0,0.8078903895149041,1
chr13:46777467_G>A,1,0.821406030763886,1
chr13:48086350_C>A,0,0.15567745796482932,0
chr13:48490245_C>A,1,0.7991522709039489,1
chr13:48511847_G>A,0,0.21282738301704054,0
chr13:48521930_C>A,0,0.6545049178028226,1
chr13:49522105_C>T,0,0.21157267865728616,0
chr13:49526391_T>A,0,0.21171338015121974,0
chr13:50948037_G>T,0,0.12412748982277394,0
chr13:50956418_A>T,1,0.5290485901039623,1
chr13:51773974_C>A,0,0.41063167626960834,0
chr13:51777065_G>A,0,0.41190145475924966,0
chr13:52135753_G>A,0,0.3417520556807449,0
chr13:52135780_T>A,0,0.2729936615342861,0
chr13:52135844_G>C,1,0.27001300050592586,0
chr13:52144874_C>T,1,0.26368918040411926,0
chr13:53041970_C>T,0,0.25930469604404444,0
chr13:53043174_C>T,0,0.30231950527129997,0
chr13:72772263_G>A,0,0.21516353143365305,0
chr13:72777491_C>A,0,0.27205491703313783,0
chr13:72780958_G>A,0,0.4834196070125395,0
chr13:72783626_C>T,0,0.5689202388067374,1
chr13:75302370_C>T,0,0.20445878020350353,0
chr13:75326416_G>T,0,0.2002605168991987,0
chr13:75341498_G>A,0,0.14606690615727483,0
chr13:75569466_C>T,0,0.12327517356940329,0
chr13:99340557_C>T,0,0.2655396181897029,0
chr13:99367849_T>A,0,0.28409102082387133,0
chr14:100529925_C>T,1,0.7701297561213449,1
chr14:102339190_G>T,1,0.6005614375059052,1
chr14:102341517_C>T,1,0.814218469832887,1
chr14:103130035_G>T,0,0.43076550103346906,0
chr14:103130059_G>T,1,0.3996956353955705,0
chr14:103428414_C>T,0,0.37751059334218423,0
chr14:103700688_C>T,1,0.8727396685218116,1
chr14:103700697_C>T,1,0.8728927145251522,1
chr14:104042153_C>T,0,0.4652516745805647,0
chr14:104756645_C>T,0,0.30381218722983755,0
chr14:105217602_G>A,0,0.6128177405623099,1
chr14:105384881_C>T,1,0.2935935927354334,0
chr14:20993127_C>T,1,0.23402970839627427,0
chr14:21073132_C>T,0,0.8030222948810873,1
chr14:21081767_C>T,0,0.6705216366432161,1
chr14:21083889_C>T,0,0.4879229481782859,0
chr14:21474893_G>A,1,0.20024177002435486,0
chr14:21499050_G>A,1,0.7630055580367648,1
chr14:21503499_G>A,1,0.22159436490076245,0
chr14:21621908_G>A,0,0.4455563308225984,0
chr14:21643521_C>G,0,0.20047404499163024,0
chr14:21712749_C>T,0,0.269144040228214,0
chr14:21712780_C>A,0,0.24575337235569356,0
chr14:21724140_G>A,1,0.20856047864294633,0
chr14:21736744_T>A,0,0.12053341809136144,0
chr14:21736814_C>T,0,0.1079317632086444,0
chr14:21749212_C>A,0,0.4043642109605996,0
chr14:21768816_C>T,0,0.1631181839400068,0
chr14:21768909_C>T,0,0.31134464590960886,0
chr14:21797618_C>T,0,0.21271414481876832,0
chr14:21797707_G>A,1,0.22732260459479123,0
chr14:21841487_G>A,0,0.12896336614952755,0
chr14:21847092_C>G,0,0.21185797167650222,0
chr14:21852834_C>T,0,0.17511135304266998,0
chr14:21868874_C>T,0,0.418654194093057,0
chr14:21888307_C>T,0,0.20359678056111444,0
chr14:21924182_G>A,1,0.27333025159572866,0
chr14:21924377_C>T,1,0.11922284343741733,0
chr14:21924530_C>T,0,0.203332026413215,0
chr14:21978925_C>G,0,0.2117175920150607,0
chr14:21978948_C>T,0,0.2224971198143296,0
chr14:21978953_C>A,0,0.2619154175950494,0
chr14:21990688_G>T,0,0.2035401003217216,0
chr14:22008151_C>A,0,0.31884128359633945,0
chr14:22052557_C>T,0,0.27390078727910383,0
chr14:22105833_C>A,0,0.2250416456639531,0
chr14:22112827_C>A,0,0.23045706014475462,0
chr14:22203230_C>G,0,0.2339742240438644,0
chr14:22320496_C>G,0,0.21552005363810797,0
chr14:22320523_G>A,1,0.2539731557107107,0
chr14:22606439_C>T,0,0.2281432602039236,0
chr14:22609803_C>T,0,0.26843803739009325,0
chr14:22610895_C>T,1,0.8366521481727103,1
chr14:22768057_C>T,0,0.293951617828396,0
chr14:22769841_C>T,0,0.2992733207165993,0
chr14:22770546_G>A,0,0.2140440212829825,0
chr14:22771300_C>T,1,0.8409121123203502,1
chr14:22830246_C>G,0,0.2423028358243649,0
chr14:22833453_C>T,1,0.7074249793519681,1
chr14:22834175_C>T,1,0.7840322155550666,1
chr14:22877045_C>T,1,0.7855972602085519,1
chr14:22877087_C>T,1,0.7530272356865052,1
chr14:22884763_C>T,0,0.40782724046215757,0
chr14:22886102_C>T,1,0.35160514625289874,0
chr14:22902289_G>A,0,0.38764768928205,0
chr14:22902319_G>A,0,0.3665957245745002,0
chr14:22926248_C>T,1,0.30106710228918576,0
chr14:22952360_G>A,0,0.12538574395293212,0
chr14:23026148_G>A,1,0.885863488211129,1
chr14:23348546_G>A,1,0.21404654482813915,0
chr14:23378481_C>T,1,0.387523941544504,0
chr14:23475258_G>T,0,0.2835025595979563,0
chr14:23477246_C>T,0,0.2689605757949839,0
chr14:23564134_G>A,0,0.38720445226297834,0
chr14:23564636_G>A,1,0.3444029493384075,0
chr14:23565821_G>A,1,0.3178905428013888,0
chr14:23566340_G>A,1,0.37656950135134154,0
chr14:23990264_C>T,0,0.19703269837577783,0
chr14:24431844_C>T,1,0.39290510916185045,0
chr14:24432474_C>T,0,0.34060441797790053,0
chr14:24440157_G>A,1,0.8716160054719636,1
chr14:24440839_C>T,1,0.2605579333928874,0
chr14:24606707_G>A,0,0.6509288711240344,1
chr14:24631133_G>A,1,0.6539851930494468,1
chr14:24631947_G>A,0,0.200678159239557,0
chr14:31150156_C>T,1,0.24132185904024495,0
chr14:31293346_C>A,1,0.7991547672220356,1
chr14:31321564_G>A,0,0.16554197661427128,0
chr14:31349805_G>A,1,0.15506396760153277,0
chr14:34765107_G>A,0,0.24607868893709595,0
chr14:35095074_C>A,0,0.1418140297324577,0
chr14:35108185_A>C,0,0.1463430479252337,0
chr14:39074509_G>A,0,0.09878902901001545,0
chr14:39096067_G>A,1,0.5069550014909324,1
chr14:39159508_G>A,1,0.16177210517651724,0
chr14:39181795_C>T,1,0.8420006012514599,1
chr14:45210516_G>A,0,0.29114842035643473,0
chr14:45226813_A>T,0,0.2675388926967629,0
chr14:45237715_G>A,0,0.1888469268508649,0
chr14:49608102_C>T,0,0.5562080126256013,1
chr14:50114329_G>A,1,0.24991571985846864,0
chr14:50159689_T>A,0,0.23166211261042274,0
chr14:50757211_G>T,0,0.32799367808522045,0
chr14:50905418_C>A,1,0.8150889681987163,1
chr14:50908282_G>A,1,0.5899514603733003,1
chr14:50911752_G>T,0,0.08402870503530184,0
chr14:50912195_G>A,0,0.07979772582471986,0
chr14:50914744_C>T,0,0.08533193438391595,0
chr14:51240361_G>A,1,0.6851823086221394,1
chr14:52268345_C>G,0,0.3901071889578075,0
chr14:52268348_C>A,1,0.4566705038044652,0
chr14:52274812_C>T,1,0.7760899816673213,1
chr14:52327264_G>A,1,0.7266509829448939,1
chr14:52536755_A>T,0,0.2380222951237814,0
chr14:52707202_G>T,1,0.7094214044333965,1
chr14:52744882_C>T,1,0.3134932444969815,0
chr14:54522527_C>T,1,0.3331245907155089,0
chr14:54537812_C>T,0,0.5976520274235623,1
chr14:55411712_G>C,0,0.5723558553652458,1
chr14:55627954_G>T,0,0.15616841126167508,0
chr14:56605673_T>A,1,0.28707660609658364,0
chr14:56647462_G>T,1,0.7310486341674463,1
chr14:57280420_C>T,0,0.28807536264198236,0
chr14:58200281_G>T,1,0.5031795191730881,1
chr14:58347855_G>T,1,0.2380385782381654,0
chr14:58365583_C>T,1,0.23972419782999715,0
chr14:60114820_G>A,1,0.22268070765879494,0
chr14:60118563_C>T,0,0.2611128400756128,0
chr14:60125020_C>G,0,0.2628089220006536,0
chr14:60149408_C>T,0,0.1787230625032914,0
chr14:60811990_C>T,1,0.23922856492393568,0
chr14:61778129_C>T,0,0.2530637712731286,0
chr14:64093374_G>A,1,0.3280880591674505,0
chr14:64727917_C>T,1,0.6026107637168093,1
chr14:64732856_C>T,1,0.4839173248247046,0
chr14:64926048_G>T,0,0.2369819818980443,0
chr14:64932207_C>T,1,0.865741348135148,1
chr14:67395526_G>A,0,0.23385849335136358,0
chr14:67656435_A>C,0,0.1283917483552779,0
chr14:67692465_G>A,0,0.23877193458784557,0
chr14:67692588_G>A,1,0.33168630122374715,0
chr14:67762690_G>T,1,0.3429245672291169,0
chr14:67782840_G>A,1,0.5915679249362605,1
chr14:69055318_G>T,1,0.8219844755484701,1
chr14:70326410_G>A,1,0.7629561671891517,1
chr14:71109804_C>T,1,0.747686864518754,1
chr14:73211885_C>T,0,0.27357744011484714,0
chr14:73971887_A>C,0,0.3595991229174736,0
chr14:73977047_C>T,0,0.26256300158385676,0
chr14:74040637_G>T,1,0.09318930678967115,0
chr14:74287840_G>A,1,0.49100676426218415,0
chr14:74484426_C>A,0,0.14022342500215762,0
chr14:74484576_T>A,1,0.10552584350918215,0
chr14:74494094_C>A,1,0.3489047088073158,0
chr14:74734922_C>T,1,0.8664137315034495,1
chr14:74810386_C>T,0,0.18895316465456888,0
chr14:75042391_G>A,0,0.37425323265765337,0
chr14:75091356_G>A,0,0.17915895476526714,0
chr14:75106541_G>A,1,0.1413438753365981,0
chr14:75107427_G>A,0,0.1852482086952719,0
chr14:75109834_G>A,0,0.14968037139681278,0
chr14:75766273_G>A,1,0.34827344178455966,0
chr14:75782573_C>T,0,0.27306481440104924,0
chr14:76022354_C>T,0,0.38063023921594724,0
chr14:76082327_C>T,1,0.2443016656706493,0
chr14:76173587_C>T,0,0.3780896805283326,0
chr14:76789374_G>A,0,0.8129896418529814,1
chr14:76790630_A>T,1,0.762763437530393,1
chr14:76809268_C>T,1,0.5355991704670733,1
chr14:76809626_G>A,1,0.7107465443135367,1
chr14:77324915_C>T,1,0.49992541486588044,0
chr14:77327954_C>T,0,0.30245006566148525,0
chr14:77427630_G>A,1,0.8669484410531589,1
chr14:77442651_G>A,0,0.1446956498910588,0
chr14:77578983_G>A,0,0.20693559622202426,0
chr14:77710840_C>T,1,0.22814925879672196,0
chr14:77907809_C>T,1,0.3008258326959021,0
chr14:77925854_C>T,1,0.3921149191968925,0
chr14:77925913_G>A,1,0.3334294629057347,0
chr14:87963435_G>C,1,0.14414200182787265,0
chr14:87976482_T>A,0,0.14441143439843743,0
chr14:87986552_G>A,0,0.180194789317691,0
chr14:89967400_A>T,0,0.28913320717113444,0
chr14:90290526_G>A,0,0.4674933598957884,0
chr14:90304342_T>A,0,0.639952011690685,1
chr14:92005344_G>A,0,0.3008936716793958,0
chr14:92652568_C>T,1,0.45126539885331074,0
chr14:92687995_C>T,1,0.6971988902642657,1
chr14:95096403_C>T,1,0.3638637240414261,0
chr14:96385619_C>T,1,0.8106635935615819,1
chr14:96846143_C>T,0,0.14974695854309544,0
chr15:100569552_G>A,1,0.8013255127490441,1
chr15:100573695_A>C,0,0.2440697866956437,0
chr15:101009042_C>A,1,0.4811570087591963,0
chr15:101642549_C>T,1,0.795739380122332,1
chr15:101646780_A>T,0,0.4062215374550146,0
chr15:101652295_G>A,0,0.7128602716727032,1
chr15:33866681_G>A,1,0.8442821168766674,1
chr15:33866702_C>A,1,0.7822610643857411,1
chr15:33867786_G>A,0,0.27639067847102194,0
chr15:33867819_T>A,0,0.24237170339400904,0
chr15:33870964_G>A,0,0.24267451033798287,0
chr15:34227813_C>T,0,0.14282040802437623,0
chr15:34245731_G>A,0,0.2814978235822019,0
chr15:39593107_C>T,0,0.347281912782378,0
chr15:39967713_C>T,0,0.26756558967523825,0
chr15:40007064_C>T,0,0.20219835778871217,0
chr15:40293631_G>A,1,0.39059397322257844,0
chr15:40391519_C>T,0,0.3068680936580549,0
chr15:40407723_C>T,0,0.27712902281878943,0
chr15:40410747_C>T,0,0.23659364438214633,0
chr15:40458522_C>T,1,0.7569961956389952,1
chr15:40458534_C>T,0,0.7424813824072186,1
chr15:40465963_C>T,1,0.8582568619438927,1
chr15:40569421_G>A,0,0.8198155673493454,1
chr15:40571745_C>T,1,0.4059407969445405,0
chr15:40736567_C>A,1,0.7510068443413903,1
chr15:40807832_C>G,1,0.37214859310554027,0
chr15:40814069_C>T,1,0.8515877758313655,1
chr15:40854662_C>T,1,0.27634703379776077,0
chr15:40900004_C>T,1,0.47050026165129843,0
chr15:40900208_C>T,0,0.4847878222282174,0
chr15:41504034_G>A,0,0.7082699091751892,1
chr15:41504130_G>A,1,0.7153923068684594,1
chr15:41504154_C>A,1,0.7890189481855202,1
chr15:41527032_G>A,0,0.4906468077932536,0
chr15:41529878_G>A,0,0.45518027129716826,0
chr15:41817629_C>T,0,0.32496425763909426,0
chr15:41825365_C>T,1,0.8596057976469449,1
chr15:41834850_C>T,1,0.6736047253241375,1
chr15:41843695_C>T,1,0.5074564530172905,1
chr15:41844534_C>T,1,0.4039997539980973,0
chr15:41844963_C>T,1,0.5380492604059173,1
chr15:41844969_C>T,1,0.4962465204879647,0
chr15:41845730_C>T,1,0.45402471900154806,0
chr15:41846290_G>A,1,0.4683241274221655,0
chr15:41847716_C>G,1,0.8586768527800765,1
chr15:42191125_C>A,0,0.24212789596591336,0
chr15:42227712_G>T,0,0.15977311882849593,0
chr15:42236417_G>A,0,0.19694201783778897,0
chr15:42339782_C>T,0,0.28334988660457056,0
chr15:42339824_C>T,0,0.3077427872491305,0
chr15:42386226_C>T,1,0.34615153276915517,0
chr15:42387816_C>T,1,0.2433549438668715,0
chr15:42402868_C>A,1,0.28231841573611366,0
chr15:42402890_C>T,1,0.3037796436871538,0
chr15:42410645_C>T,1,0.47410953419568874,0
chr15:42725576_C>T,1,0.5063725033839719,1
chr15:42731059_G>A,0,0.437153006846173,0
chr15:42736696_C>A,0,0.7471813305561625,1
chr15:43192795_C>T,1,0.29701671088325765,0
chr15:43194796_C>A,1,0.8404372856041613,1
chr15:43211505_G>A,0,0.37641103485740324,0
chr15:43413260_C>A,1,0.34847670497505134,0
chr15:43415624_G>A,1,0.3145228164265936,0
chr15:43795417_A>C,1,0.6855560265886369,1
chr15:43800650_G>T,0,0.3372628640571098,0
chr15:43813105_G>A,0,0.2302365909824532,0
chr15:44564583_A>T,0,0.7495944385111197,1
chr15:45061099_C>T,0,0.1830830615063049,0
chr15:45606416_C>T,0,0.8217771325890498,1
chr15:45606425_C>T,1,0.7991621359402947,1
chr15:48341529_C>T,0,0.2916547010763776,0
chr15:49019537_G>A,0,0.2430745751588489,0
chr15:49028647_C>A,0,0.20646933222691818,0
chr15:49201223_C>T,1,0.3103044297093228,0
chr15:49217237_G>T,1,0.2917487271988858,0
chr15:49239330_T>A,0,0.10548483070119642,0
chr15:49292341_C>A,1,0.17246163206224782,0
chr15:49319657_C>T,0,0.1663566326647552,0
chr15:49897441_G>A,0,0.26356088545965295,0
chr15:50499065_C>T,1,0.8603480036440657,1
chr15:51002525_C>T,1,0.798356561136972,1
chr15:51768307_A>T,1,0.3174271685839588,0
chr15:52064718_C>G,1,0.7480588234911597,1
chr15:55205623_G>A,1,0.7502896265336496,1
chr15:55319341_A>T,1,0.6276878298794779,1
chr15:55350727_G>A,0,0.26353510334572644,0
chr15:55356322_A>T,1,0.8237562838553779,1
chr15:55360470_C>A,0,0.21569289490263588,0
chr15:55360800_G>A,0,0.21353059958113296,0
chr15:57625824_C>T,0,0.25724801706985234,0
chr15:57714567_T>G,0,0.8543622139126896,1
chr15:58179287_C>T,0,0.26094784153635464,0
chr15:58183979_G>A,1,0.6384126788013436,1
chr15:58665141_T>A,0,0.15752822632167507,0
chr15:59031162_G>T,0,0.5689504878053502,1
chr15:60449058_G>A,0,0.28160456573525217,0
chr15:63723305_G>A,0,0.2766730658857334,0
chr15:64409710_C>T,1,0.15334176692011708,0
chr15:64409734_C>T,0,0.1472189627627657,0
chr15:64917431_C>T,1,0.4748429800656044,0
chr15:64934176_C>A,0,0.37823656111348464,0
chr15:64947508_T>A,0,0.4071574975795733,0
chr15:64980971_G>A,1,0.33808399736973754,0
chr15:65003234_G>C,0,0.760260081819747,1
chr15:65003238_G>A,1,0.7719395436152829,1
chr15:65119904_G>A,0,0.3821007613894634,0
chr15:65153567_G>A,0,0.16590760220899547,0
chr15:66314093_C>T,0,0.22631523024289046,0
chr15:66318451_C>T,1,0.258717959925096,0
chr15:66325910_C>T,1,0.3367302843628901,0
chr15:67066208_G>A,1,0.8029305633899969,1
chr15:68205259_G>A,1,0.5399352190231647,1
chr15:68208239_C>T,1,0.8726402477019761,1
chr15:68218584_G>C,0,0.454554370753716,0
chr15:72349148_A>C,0,0.22444188261523096,0
chr15:72355562_G>A,0,0.2139156419784282,0
chr15:72375818_G>T,1,0.583424057444741,1
chr15:72375834_G>A,0,0.5732631045220418,1
chr15:72731573_C>T,0,0.20706654033274102,0
chr15:72736888_C>T,0,0.4023905920062465,0
chr15:74891400_C>T,0,0.4380592259860636,0
chr15:75044510_T>A,1,0.456616450146481,0
chr15:75339083_C>T,0,0.17846582380166495,0
chr15:75339292_T>G,0,0.25343400968188073,0
chr15:75339314_C>T,0,0.2374763335798687,0
chr15:75359117_G>A,1,0.5298472674650735,1
chr15:75360567_G>A,0,0.45599850389073,0
chr15:75364110_G>A,1,0.43893747202376476,0
chr15:75470766_G>A,0,0.37986760120973556,0
chr15:75598593_G>C,1,0.8644019652851765,1
chr15:75605218_G>A,0,0.25412118296445946,0
chr15:75607243_C>T,0,0.16242968276297157,0
chr15:75649469_G>T,0,0.40567620415360506,0
chr15:77018190_C>T,1,0.5835998735544028,1
chr15:77025318_C>T,0,0.42028367053531823,0
chr15:77031192_C>T,0,0.2636525234667702,0
chr15:77052438_G>A,0,0.17189430825188326,0
chr15:77056196_A>C,1,0.3202838692269324,0
chr15:79322185_C>T,1,0.7636458981837455,1
chr15:79889252_G>A,0,0.21642384820657737,0
chr15:79961133_C>T,1,0.7528504720352488,1
chr15:80172243_G>A,0,0.1643824033555502,0
chr15:80173016_C>T,0,0.24801559255115185,0
chr15:80181048_G>T,0,0.2995674539332844,0
chr15:82130453_G>A,1,0.8504334583764755,1
chr15:82241346_G>C,0,0.3093000342968496,0
chr15:82831043_C>T,0,0.6975797709997389,1
chr15:83119652_C>A,0,0.13896982166315133,0
chr15:83122771_C>T,0,0.19219418549655895,0
chr15:85083625_C>T,0,0.20568490754033641,0
chr15:85091113_G>T,0,0.21773876008522594,0
chr15:85658544_C>T,0,0.26345646593355976,0
chr15:85741082_C>T,0,0.44848653865487825,0
chr15:85741466_C>T,1,0.5404666287754586,1
chr15:88464769_G>A,1,0.22555810546912797,0
chr15:88467243_C>T,1,0.4433576972273682,0
chr15:88626251_C>A,1,0.7997664820391116,1
chr15:88626312_C>T,1,0.7003413766767302,1
chr15:88655490_C>T,1,0.7697184251624537,1
chr15:88655499_C>T,1,0.7641257380619114,1
chr15:88878035_G>A,1,0.876834071477714,1
chr15:88878145_C>T,1,0.8335834803213131,1
chr15:88887224_G>C,0,0.6920926930847102,1
chr15:89295093_C>T,0,0.12308815124712764,0
chr15:89315360_C>T,1,0.7308845603484092,1
chr15:89333680_C>T,1,0.7947085048794975,1
chr15:89837707_G>A,0,0.2572696433202289,0
chr15:90223664_C>T,1,0.46014407519206163,0
chr15:90227567_C>T,0,0.39920704418859015,0
chr15:90453288_C>T,0,0.11426755047323196,0
chr15:90642123_C>T,1,0.8725442959164003,1
chr15:90760657_G>A,1,0.39107228172344966,0
chr15:90766924_T>G,0,0.3660598796363383,0
chr15:90766974_T>A,0,0.27591028788784944,0
chr15:90790673_G>T,0,0.2941574284317228,0
chr15:90803577_C>T,0,0.3333957952679514,0
chr15:90889599_C>T,0,0.5332297603104675,1
chr15:90889916_C>T,1,0.5019111136737853,1
chr15:90891151_G>A,0,0.47555586682303924,0
chr15:90909364_C>T,1,0.387022155875202,0
chr15:90911419_C>T,1,0.3040056320010252,0
chr15:90916211_C>A,1,0.49749911040882,0
chr15:90931401_C>T,1,0.7569694486524673,1
chr15:90936419_C>T,1,0.3298906002102265,0
chr15:90960498_C>T,1,0.5273944991030611,1
chr15:91000504_G>A,0,0.3134657239716204,0
chr15:91007533_A>C,1,0.2763413293801476,0
chr15:94340208_C>T,0,0.3654753077607217,0
chr15:94367786_C>T,0,0.3151253833718228,0
chr15:94384063_C>T,0,0.16979733873944416,0
chr15:94384069_C>T,0,0.18530053998422374,0
chr15:94399056_T>A,0,0.321830692832023,0
chr15:94476722_C>T,0,0.38684897493378456,0
chr16:10761462_T>A,0,0.2793735532063252,0
chr16:10898942_G>T,1,0.470401066330719,0
chr16:11060947_C>T,1,0.4101076440572441,0
chr16:11679554_G>A,1,0.8451831823523146,1
chr16:11688374_G>A,1,0.31084101639488576,0
chr16:11736124_G>A,1,0.5679774442014125,1
chr16:11736232_G>A,1,0.5250889405374594,1
chr16:11839900_G>C,0,0.2978924882148645,0
chr16:12398464_C>T,0,0.3593123562641476,0
chr16:12524746_C>A,0,0.45295917298109967,0
chr16:12704798_G>A,0,0.34125745190778495,0
chr16:12705039_C>T,0,0.3234321691211493,0
chr16:12781388_C>T,0,0.6671088523237143,1
chr16:1344508_A>T,0,0.4521244252931666,0
chr16:1345316_C>T,1,0.4849890831245802,0
chr16:1345858_C>T,1,0.4463386515467846,0
chr16:1346628_C>A,0,0.5723921085964244,1
chr16:1764133_C>T,1,0.32859739667607907,0
chr16:1767634_G>A,1,0.40421055420690394,0
chr16:1770682_C>T,1,0.8362840020314524,1
chr16:1771282_G>A,0,0.3009255289130665,0
chr16:1775671_C>T,1,0.4919703799635131,0
chr16:1775981_C>T,1,0.8230744162170683,1
chr16:18795526_G>A,0,0.10678932038447277,0
chr16:189287_C>A,1,0.8491337271398671,1
chr16:19072005_C>T,0,0.2500822788824356,0
chr16:20736924_G>A,1,0.8448923065683431,1
chr16:20737756_G>A,0,0.6397862892855816,1
chr16:20915571_C>T,1,0.5057646366908083,1
chr16:20915625_C>T,1,0.3231684159119723,0
chr16:20924048_C>T,1,0.8182983551269009,1
chr16:21980665_C>T,1,0.7621807550513442,1
chr16:22346988_G>A,1,0.8458784847709417,1
chr16:22347542_G>C,1,0.7906503867233189,1
chr16:2237865_G>A,1,0.4703452732943459,0
chr16:2240134_G>A,1,0.8303185887513844,1
chr16:2243208_C>A,0,0.3065605321587412,0
chr16:2243224_C>T,0,0.35744987909563514,0
chr16:2244439_G>C,0,0.31831592954298005,0
chr16:23398125_C>T,1,0.19850700651241376,0
chr16:23452916_C>A,1,0.7513508632225039,1
chr16:23524454_G>A,0,0.7531815425579321,1
chr16:23665632_C>T,0,0.21373090665277636,0
chr16:2456826_C>T,0,0.7732555833192748,1
chr16:24789364_C>G,0,0.4008244381566891,0
chr16:25174968_G>T,0,0.24956095152569974,0
chr16:254651_C>T,1,0.292082952894402,0
chr16:2586868_G>T,1,0.3641648807569087,0
chr16:259581_C>T,0,0.2905928149545337,0
chr16:27210454_G>T,0,0.5686631096499967,1
chr16:27363078_C>T,1,0.8812947417714025,1
chr16:28489298_G>A,0,0.41617798694242303,0
chr16:28495552_G>T,1,0.497558644434779,0
chr16:28495573_C>T,1,0.46341728550349665,0
chr16:28495955_C>G,1,0.41486331219274963,0
chr16:28592389_C>A,0,0.5015245053961886,1
chr16:28606815_C>T,0,0.30747011867187696,0
chr16:28608594_C>T,0,0.3819671109411541,0
chr16:28608843_G>A,0,0.6863974403670356,1
chr16:288190_G>A,0,0.8580400158799032,1
chr16:28932348_G>T,1,0.37735929940171564,0
chr16:28954660_G>T,0,0.2966422775482343,0
chr16:28986875_C>T,0,0.3451182396833697,0
chr16:2929719_G>T,1,0.7683126138372429,1
chr16:2929833_C>T,1,0.6331489125362193,1
chr16:2929944_G>T,1,0.5695352781674974,1
chr16:2933765_C>G,0,0.49715603480728676,0
chr16:2940073_G>T,1,0.7458900275873699,1
chr16:29790790_C>T,0,0.7792175075370456,1
chr16:29816610_C>T,1,0.7078653683611743,1
chr16:29830967_T>A,0,0.5273748496113223,1
chr16:29831032_C>T,0,0.5637480919926883,1
chr16:29845885_C>T,0,0.31566530227205447,0
chr16:29847227_C>T,1,0.45993137768549575,0
chr16:29847948_C>T,1,0.7972407549964547,1
chr16:29860652_G>A,0,0.18926158443029653,0
chr16:29963580_G>T,1,0.3263177379912207,0
chr16:29968253_C>A,0,0.7444076249664041,1
chr16:29996835_C>G,0,0.23626514533466497,0
chr16:30111488_G>A,1,0.23761921028409183,0
chr16:30112722_G>C,1,0.2801400332069539,0
chr16:30188483_C>A,0,0.4389428832119526,0
chr16:30398835_C>T,1,0.8166808797411993,1
chr16:3046996_C>T,0,0.6910188279642492,1
chr16:3050128_C>T,0,0.600491728076647,1
chr16:30569922_G>T,1,0.787957248355311,1
chr16:3057038_G>T,1,0.5522960856958995,1
chr16:3057589_C>T,0,0.5923267935232028,1
chr16:3058254_G>A,1,0.47672631965437445,0
chr16:30583123_G>A,1,0.7816455298457254,1
chr16:30585217_C>T,0,0.617893156185725,1
chr16:3067410_C>T,1,0.5955150888824364,1
chr16:3069035_C>T,0,0.7735010383592251,1
chr16:30743828_G>A,1,0.8093333827227993,1
chr16:30756975_C>T,1,0.8610600108924145,1
chr16:30765313_G>T,0,0.37215133354386937,0
chr16:30766429_C>G,1,0.444009402548113,0
chr16:30768361_C>T,0,0.3554184900937156,0
chr16:30768946_C>T,0,0.4244409501064537,0
chr16:30953226_C>A,1,0.846317222924031,1
chr16:31061364_T>A,1,0.8099965319404399,1
chr16:31084808_C>T,0,0.3463963320319051,0
chr16:31084809_C>T,1,0.33569115543408556,0
chr16:31086427_G>T,1,0.28331219192017276,0
chr16:31139300_C>T,0,0.8540698475804541,1
chr16:31139335_C>A,1,0.8677042766275705,1
chr16:31201660_C>T,1,0.8694853956831592,1
chr16:31201762_G>C,1,0.8036973278086339,1
chr16:31297616_C>T,0,0.41374670548663556,0
chr16:31362134_C>G,0,0.3580030174691315,0
chr16:31363037_C>T,1,0.3327008676353335,0
chr16:31407546_C>T,1,0.3151047959278667,0
chr16:31423865_C>A,1,0.40178709514983313,0
chr16:31461963_C>T,0,0.5110421347218008,1
chr16:31914868_C>T,1,0.7774688265281847,1
chr16:31915531_C>T,1,0.7787120572205437,1
chr16:31916267_C>G,1,0.809860961554568,1
chr16:3223906_G>A,1,0.8034299285379994,1
chr16:3224302_G>A,1,0.7579492750425998,1
chr16:3224350_G>A,1,0.7748009262406196,1
chr16:3256386_G>A,1,0.5145584913758321,1
chr16:3256503_G>A,1,0.7009567911497864,1
chr16:3288471_C>T,0,0.28585577026324144,0
chr16:3564432_T>A,0,0.6169307044403228,1
chr16:3656714_C>T,0,0.3925505942620319,0
chr16:3657745_C>T,1,0.47981176071190734,0
chr16:3658137_G>A,1,0.8488215837332944,1
chr16:3658810_G>A,1,0.7155501919530163,1
chr16:3662054_G>A,0,0.21732978407426318,0
chr16:3677634_G>A,0,0.20019292208703163,0
chr16:4261876_C>T,0,0.32251199807825565,0
chr16:4688891_G>T,1,0.8621497203582856,1
chr16:4698037_G>A,0,0.6315737310530795,1
chr16:47461389_G>A,1,0.7470297474236883,1
chr16:47596425_T>G,0,0.14837543501533174,0
chr16:47596453_C>T,0,0.1606363793698578,0
chr16:47641675_C>T,0,0.10639706308194542,0
chr16:47650919_C>T,0,0.10512619870867455,0
chr16:48299724_C>T,0,0.20623332114133736,0
chr16:48303227_C>T,0,0.21576524784294007,0
chr16:48303266_G>T,0,0.16217936756116658,0
chr16:48347594_C>T,0,0.218995185465018,0
chr16:5072977_C>T,0,0.33476714132018176,0
chr16:5073170_C>T,0,0.29254680177341175,0
chr16:5073175_C>G,0,0.2897356716911549,0
chr16:5078839_G>T,0,0.2595516459124093,0
chr16:5080999_C>T,0,0.3030688620493709,0
chr16:5090123_G>A,0,0.45593301685784093,0
chr16:5090234_G>A,1,0.3794109174480266,0
chr16:5090561_G>T,1,0.44069173926968397,0
chr16:55529888_C>T,0,0.1602838844936002,0
chr16:55551013_G>T,0,0.18575838057265787,0
chr16:56467925_G>A,0,0.22672251123242754,0
chr16:56470063_C>T,0,0.3358037836151096,0
chr16:56476178_G>A,1,0.8830672624383014,1
chr16:56484784_G>A,1,0.8516298786189626,1
chr16:56497013_G>A,1,0.24576361360100063,0
chr16:56497760_G>A,0,0.20276871805332508,0
chr16:56497835_G>A,1,0.19761891123262146,0
chr16:56502790_G>A,0,0.16037540644719128,0
chr16:56506137_G>A,0,0.16167187154813958,0
chr16:56626802_C>A,1,0.6836026913826913,1
chr16:56683999_C>T,1,0.812087519265658,1
chr16:56940124_C>T,0,0.2759248899065728,0
chr16:57252178_C>T,1,0.710717553224295,1
chr16:57430293_G>A,1,0.728076059319978,1
chr16:574693_C>T,0,0.6004967056369904,1
chr16:57565037_G>T,1,0.3459683305348848,0
chr16:57566664_G>A,0,0.3056363530571129,0
chr16:57678218_C>T,0,0.41526159497490445,0
chr16:57679246_C>T,0,0.38428983818634543,0
chr16:57753170_C>T,0,0.3982539000829994,0
chr16:57761078_G>A,0,0.4175163734046697,0
chr16:57795061_G>A,0,0.4685939286415412,0
chr16:57795094_G>A,1,0.4891411481262278,0
chr16:58002612_C>T,1,0.23427173513581212,0
chr16:58014292_C>T,0,0.20954760454992744,0
chr16:58518910_C>T,1,0.853432698205661,1
chr16:655854_G>A,0,0.5197346743356149,1
chr16:661113_C>T,1,0.5815387372965126,1
chr16:662799_G>A,1,0.5456189565381857,1
chr16:66565939_C>A,1,0.635140681616061,1
chr16:66587066_C>T,1,0.5497305487383842,1
chr16:66588042_C>T,1,0.6180304712294045,1
chr16:666676_C>T,0,0.7359002041404258,1
chr16:666784_C>T,0,0.6383726309522538,1
chr16:66805822_G>A,1,0.77843134998322,1
chr16:66938174_C>T,0,0.48340451633489884,0
chr16:66942667_C>A,0,0.4042750113518928,0
chr16:66943912_C>T,1,0.8782101588482474,1
chr16:670504_C>T,1,0.6345561948760877,1
chr16:67163320_G>T,1,0.810325231125032,1
chr16:67166337_G>A,1,0.40981656719346354,0
chr16:67166564_C>T,1,0.44062843199412594,0
chr16:67200900_C>T,1,0.47880650478628267,0
chr16:67201421_C>T,0,0.40227046387344934,0
chr16:67202206_A>T,1,0.39392224096245465,0
chr16:67202696_C>T,1,0.48522167432775154,0
chr16:67228558_C>T,0,0.2681640247010505,0
chr16:67228618_C>T,0,0.2576240454262073,0
chr16:672289_C>T,1,0.5058177775943524,1
chr16:67230485_G>C,0,0.5170565778581369,1
chr16:67230606_G>T,0,0.5086890770536614,1
chr16:67230656_G>A,1,0.44715170183090325,0
chr16:67234429_G>A,0,0.4476962123045105,0
chr16:67237242_G>T,0,0.4526678779003275,0
chr16:67438810_G>A,1,0.7395432379553909,1
chr16:67453643_G>C,0,0.32497700193132456,0
chr16:67663700_G>A,1,0.26772763259278975,0
chr16:67663781_G>A,1,0.33082123412401926,0
chr16:67663945_C>A,0,0.34205965087746476,0
chr16:67878987_C>T,0,0.40645562245902417,0
chr16:67909050_A>T,1,0.45926672299540783,0
chr16:67927628_C>T,1,0.8552641824108985,1
chr16:67930292_G>A,1,0.3846311574878851,0
chr16:67942967_G>T,1,0.3125866142318245,0
chr16:67978505_G>T,0,0.3631125510415924,0
chr16:67991870_G>C,0,0.3412739270760633,0
chr16:67992095_A>C,0,0.3825518058384068,0
chr16:67992990_G>A,1,0.38772797405515946,0
chr16:68071025_C>T,0,0.4036435049660162,0
chr16:68074091_C>T,0,0.3851672800300961,0
chr16:68126566_C>T,0,0.4093168010105594,0
chr16:681812_C>T,1,0.195225799564993,0
chr16:68255371_C>T,0,0.363763493308336,0
chr16:68274978_G>A,1,0.5278952855720586,1
chr16:68310586_C>A,1,0.4382770334208436,0
chr16:68329105_G>T,0,0.36030249254684044,0
chr16:683401_C>T,1,0.29395643147755735,0
chr16:68860065_G>A,0,0.5708126630358669,1
chr16:68860366_C>T,0,0.473277236903416,0
chr16:68878157_C>T,0,0.43424248629786516,0
chr16:68974150_C>T,0,0.40254564641112045,0
chr16:69022848_C>T,0,0.3898124999767302,0
chr16:69335183_G>A,1,0.3931234884094107,0
chr16:69749224_G>A,0,0.384533990268923,0
chr16:69939920_G>T,1,0.8947333478853212,1
chr16:70138934_C>G,0,0.16444824513018483,0
chr16:70482809_C>A,1,0.20991875293725795,0
chr16:70781892_A>T,0,0.35307795141812104,0
chr16:71860644_C>A,1,0.7329996251793086,1
chr16:71916557_G>T,0,0.42287696897405813,0
chr16:72060525_C>T,0,0.7865989070801492,1
chr16:72096341_C>T,1,0.6252111790641948,1
chr16:72096422_C>T,1,0.5560528604138917,1
chr16:74675002_C>A,1,0.7721401033213164,1
chr16:74695359_C>T,1,0.3754435101544166,0
chr16:74695360_C>T,0,0.3698476594899902,0
chr16:74893731_G>A,1,0.278586796711539,0
chr16:74912281_G>A,1,0.2695037161569172,0
chr16:74956536_C>T,1,0.46025074835290125,0
chr16:75656501_C>T,1,0.8521658131746978,1
chr16:785971_C>T,1,0.8399507959683102,1
chr16:787164_G>A,1,0.3314319346260983,0
chr16:787600_G>C,1,0.5170366705219593,1
chr16:788700_C>T,1,0.7353728644624811,1
chr16:791356_C>T,0,0.5002097000007868,1
chr16:792797_C>T,1,0.4350469504968018,0
chr16:81905421_C>T,1,0.31297180731255186,0
chr16:83965482_C>G,0,0.8462374296469738,1
chr16:83965714_G>T,1,0.8036965514790234,1
chr16:84081754_G>A,0,0.17743271746072953,0
chr16:84093737_C>T,0,0.19915125797467376,0
chr16:84182415_G>A,1,0.5450644728731006,1
chr16:84183436_G>A,1,0.6507603803170309,1
chr16:84590181_C>T,0,0.10013448867651031,0
chr16:84990499_C>T,1,0.5529457894417055,1
chr16:85909060_T>A,0,0.38214484610997523,0
chr16:8635210_C>T,1,0.36129482538692637,0
chr16:8635225_C>T,0,0.37132634685117977,0
chr16:869908_C>T,1,0.426308272938261,0
chr16:87708386_C>A,0,0.871025455672202,1
chr16:87709492_G>T,1,0.4525701298785026,0
chr16:87834448_C>T,1,0.9003534928646689,1
chr16:879572_G>A,1,0.3868710105967647,0
chr16:8801836_T>A,1,0.4332680675212261,0
chr16:88656155_G>A,0,0.3306046353317349,0
chr16:88657933_G>A,1,0.32449056174908153,0
chr16:88712895_C>T,0,0.38024103047894964,0
chr16:88713337_C>T,1,0.4656039278761881,0
chr16:88714870_C>T,0,0.44244560975370173,0
chr16:88715187_G>A,0,0.7793571265973546,1
chr16:88716620_T>A,1,0.5446594265381524,1
chr16:88720246_G>C,0,0.47121698426151293,0
chr16:88722971_G>A,1,0.5711381746372107,1
chr16:88723247_G>A,1,0.48877286014401544,0
chr16:88726911_C>T,0,0.5801661586231076,1
chr16:88733401_G>C,1,0.5450884032445859,1
chr16:88734447_G>A,1,0.4880375720036615,0
chr16:88736657_G>T,1,0.42498710297470277,0
chr16:88810485_G>A,0,0.2878958839648878,0
chr16:88841083_G>A,1,0.3005532822270882,0
chr16:89100919_C>T,0,0.5224603005335064,1
chr16:89102718_G>T,1,0.3604337618331113,0
chr16:89112096_G>A,1,0.3748260089338985,0
chr16:89651586_G>A,1,0.32970495600255995,0
chr16:89707919_G>C,1,0.8845966194294879,1
chr16:89710902_G>T,1,0.4866069139018283,0
chr16:89737880_C>T,1,0.728197732051763,1
chr16:89900767_C>T,0,0.23713201368053843,0
chr16:89965934_C>T,1,0.8672481619245191,1
chr16:954565_G>A,1,0.46766793689938846,0
chr17:10697456_G>A,0,0.8681682607014086,1
chr17:11992571_C>A,1,0.49788609793151706,0
chr17:12992907_C>A,1,0.8574762504362227,1
chr17:13002303_G>T,1,0.31130215769604436,0
chr17:13013246_C>A,0,0.30031400615006804,0
chr17:1496376_G>C,0,0.4034693918363482,0
chr17:1507074_T>A,0,0.2060504147384894,0
chr17:1508128_C>T,0,0.27565172356594586,0
chr17:1509206_G>A,0,0.22817084286521824,0
chr17:15975276_C>A,0,0.7701444472659839,1
chr17:15987316_G>A,0,0.15887313839131947,0
chr17:16027385_C>T,0,0.8554656325148375,1
chr17:16316709_A>T,1,0.3482503859441723,0
chr17:16426731_C>T,0,0.4312246702275515,0
chr17:16426872_A>T,0,0.3006778177935789,0
chr17:16434969_C>T,1,0.7843918319702521,1
chr17:16940378_G>T,1,0.3414535360767596,0
chr17:17202816_A>T,1,0.7715973502636965,1
chr17:1783474_G>A,1,0.33577473290295906,0
chr17:1786887_G>A,0,0.36337858063753464,0
chr17:1799980_G>A,1,0.36913653779619127,0
chr17:18021145_G>C,1,0.6938640675554257,1
chr17:18028275_C>T,0,0.23940183275158294,0
chr17:1844646_C>T,0,0.17513230188680967,0
chr17:19656423_C>T,0,0.24093171911610822,0
chr17:19657840_G>A,0,0.20183108764550725,0
chr17:19846848_G>A,1,0.42708414120102584,0
chr17:2041110_C>T,1,0.334301011298306,0
chr17:2041577_C>T,0,0.806286015233216,1
chr17:2041771_C>T,1,0.7511578074301274,1
chr17:2042057_C>T,1,0.788821550093513,1
chr17:2085739_G>A,0,0.4114487477160891,0
chr17:21011155_G>A,0,0.25047464902877814,0
chr17:21184454_C>T,0,0.34976758559576226,0
chr17:2329355_G>A,0,0.1505103986161601,0
chr17:2334618_G>A,0,0.2639531882147869,0
chr17:2334629_G>C,0,0.24891153071268793,0
chr17:2334885_G>A,1,0.19841886493314828,0
chr17:2362146_C>T,0,0.4158141456837257,0
chr17:2373490_C>T,1,0.3014721940089934,0
chr17:2375609_C>T,1,0.42696348526484323,0
chr17:27640653_C>G,0,0.43602453738344166,0
chr17:28192131_C>T,0,0.44742872633591413,0
chr17:28353734_G>T,0,0.14530317813657348,0
chr17:28552389_T>A,0,0.42452811350887976,0
chr17:28575522_G>T,0,0.5128246710161755,1
chr17:28714649_G>T,1,0.8791174400757032,1
chr17:28714814_G>A,0,0.8393257244216604,1
chr17:28714886_C>A,0,0.3480574060032433,0
chr17:28741140_C>T,0,0.4717959803327963,0
chr17:28749053_C>T,1,0.790484783442957,1
chr17:28855116_G>T,1,0.6910741609117624,1
chr17:28856386_C>T,0,0.31064972840270266,0
chr17:28859060_C>T,0,0.30344910234410294,0
chr17:28898593_C>A,1,0.8166526320357195,1
chr17:29562961_C>T,1,0.7931364951814268,1
chr17:29563025_G>A,0,0.7896648990145795,1
chr17:3026079_C>A,0,0.3159054802444313,0
chr17:30271276_C>A,0,0.1940931800496103,0
chr17:30285462_G>A,0,0.16805266458004273,0
chr17:30287902_G>A,0,0.1384320387065319,0
chr17:30934295_C>T,1,0.26602894656905246,0
chr17:31226474_C>T,0,0.29037934628781775,0
chr17:31863510_C>T,1,0.7743061843671004,1
chr17:31880702_G>A,1,0.28978476605132175,0
chr17:31889397_C>T,0,0.20849076002246938,0
chr17:31894724_G>T,0,0.3258878152128433,0
chr17:31894984_G>A,1,0.3132877621494864,0
chr17:32022479_C>T,1,0.5202543762018128,1
chr17:32194041_G>A,0,0.11525522842115186,0
chr17:32224728_C>T,1,0.8251323888841214,1
chr17:34983091_G>A,0,0.7278977511616668,1
chr17:34983416_G>A,0,0.40147603586117075,0
chr17:34997808_G>T,0,0.2873414077927665,0
chr17:35264824_A>T,0,0.3863840724158796,0
chr17:35411352_G>A,1,0.8048248435006433,1
chr17:35422126_A>T,0,0.4896689975672538,0
chr17:35422174_A>C,0,0.5036862289762878,1
chr17:35422293_C>A,0,0.5032407708511395,1
chr17:35440982_C>T,1,0.7849327862302696,1
chr17:35441193_C>T,1,0.7211252019264229,1
chr17:35441350_G>A,1,0.7265327213305205,1
chr17:35445404_G>A,0,0.5018857198381287,1
chr17:35445528_A>T,1,0.7062049171654639,1
chr17:35445639_G>T,1,0.7491952147324746,1
chr17:35657732_C>T,1,0.1281663786526845,0
chr17:3658173_C>T,0,0.202543604453027,0
chr17:3679613_G>T,1,0.7432170367535569,1
chr17:3679765_G>A,0,0.4366514082162717,0
chr17:3689548_G>A,0,0.36591065956410623,0
chr17:3720378_G>A,0,0.4195021709885702,0
chr17:3916147_T>A,1,0.6871348372141141,1
chr17:39301036_G>A,1,0.4227269384159481,0
chr17:39687906_C>A,1,0.5453354337189132,1
chr17:40026977_G>A,0,0.35864547545527603,0
chr17:40029822_C>A,0,0.3879163101850083,0
chr17:40032727_C>T,0,0.34669181796866216,0
chr17:40164133_C>T,0,0.2438861843913195,0
chr17:4149966_C>G,0,0.3152371868406949,0
chr17:41828855_G>A,0,0.3612654367610696,0
chr17:41828864_C>A,0,0.25736452307399715,0
chr17:41878187_G>C,0,0.33381172928874514,0
chr17:41883217_C>A,0,0.18128053014750053,0
chr17:41901786_G>A,0,0.20322092541213602,0
chr17:41973736_C>T,0,0.8716743233742789,1
chr17:41994884_G>A,0,0.15796585646249006,0
chr17:42022464_C>T,0,0.35277956792753046,0
chr17:42023723_C>T,0,0.8067289997663093,1
chr17:42101843_C>T,0,0.8579619498666247,1
chr17:42102306_G>C,1,0.4151739904077032,0
chr17:42105825_G>A,0,0.3800487663896801,0
chr17:42109364_C>T,1,0.4878034636644898,0
chr17:42110812_G>A,1,0.5153564730449272,1
chr17:42130478_G>A,0,0.5379913429281742,1
chr17:42189819_G>A,1,0.8219972226050715,1
chr17:42190193_G>A,1,0.7553914914238813,1
chr17:42192646_G>A,0,0.35279679910860723,0
chr17:42289460_C>T,1,0.6881003613848711,1
chr17:42537446_G>A,0,0.43581126499501316,0
chr17:42537471_G>T,0,0.41749696689886395,0
chr17:42543882_C>T,1,0.8946855606719172,1
chr17:42543952_G>A,1,0.8750972342579594,1
chr17:42564476_C>T,0,0.42267091472801327,0
chr17:42565740_C>T,1,0.5570985263160367,1
chr17:42570010_C>T,0,0.30467771336868316,0
chr17:42573131_G>T,1,0.7429323716205931,1
chr17:42798090_G>A,0,0.8342519885735523,1
chr17:42798123_C>A,1,0.8026950514386006,1
chr17:42798545_C>T,1,0.326969710764583,0
chr17:42844766_G>A,0,0.5958339968583296,1
chr17:42845929_C>T,1,0.36869157936148506,0
chr17:42852120_G>A,0,0.46091733423283615,0
chr17:42852328_C>T,1,0.4708066316880271,0
chr17:42852687_C>G,1,0.49484940657411813,0
chr17:42955163_G>A,0,0.26502416693551567,0
chr17:42964153_G>A,1,0.21092397594335252,0
chr17:43013485_C>T,0,0.29101329048108293,0
chr17:43016490_C>T,0,0.20099704243004637,0
chr17:43217754_C>T,1,0.832352447070628,1
chr17:43493033_G>T,1,0.2640342302810487,0
chr17:43522144_C>T,1,0.35471032746468656,0
chr17:44189308_G>T,0,0.4715037846925407,0
chr17:44189542_G>T,1,0.6819772877674267,1
chr17:44190520_G>T,1,0.7943040070714931,1
chr17:44190859_C>T,1,0.9032050849839546,1
chr17:44320358_T>A,0,0.19492210988370798,0
chr17:44320388_G>A,0,0.20842757816159707,0
chr17:44322521_G>T,0,0.22465707699576856,0
chr17:44323523_G>A,1,0.5946894460335951,1
chr17:4445085_C>T,0,0.5518342797214929,1
chr17:44679002_G>A,0,0.7429390726283015,1
chr17:44679035_G>A,1,0.6991574110284255,1
chr17:45136615_T>A,0,0.23756740775240642,0
chr17:45137423_C>A,1,0.2954234596415133,0
chr17:45137917_G>A,1,0.40046510723103323,0
chr17:4532659_C>T,0,0.3553642787473583,0
chr17:4539636_G>A,1,0.795444328229399,1
chr17:4540424_G>A,0,0.68666942775271,1
chr17:4545624_G>A,0,0.5082230941847808,1
chr17:4552488_C>A,1,0.46112240484248,0
chr17:4554233_G>A,1,0.4900649202264216,0
chr17:47286369_C>T,0,0.33740186540096573,0
chr17:47307584_C>T,1,0.5517853951115349,1
chr17:4731514_G>T,1,0.6972514374481462,1
chr17:4733062_C>T,1,0.7919629599250928,1
chr17:4740702_C>T,1,0.7876541749025776,1
chr17:4743374_C>T,1,0.49169855690607067,0
chr17:4745221_C>T,0,0.465503736852172,0
chr17:47587318_C>T,0,0.1984238472386494,0
chr17:47744913_C>G,1,0.7979422902869823,1
chr17:47808370_C>T,1,0.8485849509052391,1
chr17:47809210_C>T,0,0.43952113444327345,0
chr17:47838350_G>A,0,0.34562054106057655,0
chr17:4785941_C>A,1,0.6031882145350967,1
chr17:47975526_C>T,0,0.2692819297392068,0
chr17:47975565_C>T,1,0.24691104549337625,0
chr17:47975938_G>A,1,0.20612570268178645,0
chr17:47981212_C>T,1,0.2823518549669306,0
chr17:48112604_C>T,1,0.6215434536359603,1
chr17:4814479_G>T,1,0.36317929038438274,0
chr17:4815921_C>G,1,0.4943185726230522,0
chr17:48170618_G>A,0,0.1755054076828914,0
chr17:48170621_G>A,0,0.17478064875933919,0
chr17:4822857_G>A,1,0.8240957517437628,1
chr17:48851146_C>T,0,0.23057916403347126,0
chr17:4891537_C>T,1,0.33610172936270144,0
chr17:4892424_C>T,0,0.32256222110740485,0
chr17:48931670_C>T,1,0.6242133354294094,1
chr17:4900416_G>A,1,0.8018588237812387,1
chr17:4900501_G>T,1,0.8600579436552797,1
chr17:49298721_G>A,1,0.7886261720157755,1
chr17:4942437_C>T,0,0.27989044374366484,0
chr17:4943468_C>T,0,0.2612249120104651,0
chr17:4969283_G>A,0,0.6076731224082439,1
chr17:4977106_G>A,1,0.42202613888370194,0
chr17:5000310_C>T,1,0.7122354981723102,1
chr17:5002497_C>T,0,0.30077827663710205,0
chr17:5004010_C>T,0,0.22893504349726093,0
chr17:50112919_G>A,0,0.837315230473283,1
chr17:5020873_C>T,0,0.296348100609795,0
chr17:50355848_G>T,1,0.5480980301987589,1
chr17:50373163_G>T,1,0.8512650354581796,1
chr17:50463867_C>T,0,0.3661107935700202,0
chr17:50474520_C>T,1,0.8216095965001139,1
chr17:50482675_G>A,0,0.25300383180539043,0
chr17:50483351_C>T,1,0.25849344297709126,0
chr17:50484824_G>A,1,0.8055966533507224,1
chr17:50548308_C>T,0,0.6100727349303662,1
chr17:50550711_G>T,1,0.3438106222437194,0
chr17:50555561_C>T,0,0.8348229752501506,1
chr17:50659367_C>T,0,0.5359705486850425,1
chr17:50663995_G>T,0,0.42958404342104595,0
chr17:50679825_C>T,1,0.5994777934148086,1
chr17:5105949_G>A,0,0.741835792559898,1
chr17:5391646_G>A,0,0.12634264054819813,0
chr17:5456107_G>A,0,0.38657072988439173,0
chr17:5517814_G>T,1,0.5560691537145337,1
chr17:5517873_G>T,1,0.593281134584225,1
chr17:55394516_G>A,1,0.7679052453479709,1
chr17:56892095_G>A,1,0.8075238686782398,1
chr17:56949987_G>A,1,0.3317572578346112,0
chr17:56995607_G>A,0,0.11083905344464749,0
chr17:56998420_C>T,0,0.1302042520157355,0
chr17:57840946_G>A,1,0.7183275042258648,1
chr17:57866491_G>A,1,0.8442733256480459,1
chr17:58208563_G>A,1,0.2814714547250305,0
chr17:58279371_C>A,0,0.3584906508713525,0
chr17:58308984_G>A,1,0.44524527052475404,0
chr17:58310919_C>A,1,0.5401517236154069,1
chr17:58347540_C>T,0,0.13554208282412544,0
chr17:59051237_G>A,0,0.23000854791106967,0
chr17:59088307_C>A,0,0.2938964872217128,0
chr17:59839870_C>T,1,0.8734237904269317,1
chr17:59860411_G>A,1,0.7482102674775246,1
chr17:59878115_G>A,1,0.3170251232882335,0
chr17:59957374_C>T,0,0.20457628816150525,0
chr17:59962839_G>A,0,0.24569788615562213,0
chr17:60044092_G>T,1,0.7780190521002706,1
chr17:60046046_T>A,0,0.7661042679116514,1
chr17:60069722_G>A,1,0.3890873836015305,0
chr17:60156697_C>T,0,0.28029313690824464,0
chr17:60205596_G>A,0,0.24130386188558992,0
chr17:60633899_C>T,0,0.23891519985241066,0
chr17:61392063_C>T,1,0.8571744239434166,1
chr17:62444898_C>T,0,0.2116861835226656,0
chr17:62448652_C>T,0,0.8134554560567265,1
chr17:62690287_C>T,0,0.4317581020361081,0
chr17:63698581_C>A,1,0.8243254123319431,1
chr17:63704405_G>A,1,0.30311874985628373,0
chr17:63714092_G>C,1,0.5278657502925526,1
chr17:63998711_G>A,1,0.5514143647141042,1
chr17:64005275_G>A,1,0.5047796183619048,1
chr17:64075202_G>A,1,0.6437747603566331,1
chr17:64452815_C>T,0,0.18278028208349503,0
chr17:64457600_G>T,0,0.2066896782214115,0
chr17:64457656_C>G,0,0.1927660952714102,0
chr17:64466444_G>T,0,0.19995611532835586,0
chr17:64466617_C>T,0,0.6873997332133986,1
chr17:64492749_G>T,0,0.1917386367287191,0
chr17:64508705_G>T,0,0.45095083905891764,0
chr17:64516734_C>T,0,0.34417929599984964,0
chr17:64516770_G>T,0,0.38439069448373864,0
chr17:64522758_C>T,0,0.2957627795215629,0
chr17:64534645_C>T,0,0.3061649004470637,0
chr17:6589879_G>A,1,0.4107367901894345,0
chr17:6620994_A>T,0,0.2935497461232589,0
chr17:6641224_C>T,0,0.17221339617444228,0
chr17:66735597_C>T,0,0.2721055944113159,0
chr17:6760580_G>T,1,0.34458036411339477,0
chr17:6762217_G>T,1,0.3217718274325664,0
chr17:6770982_C>T,1,0.8084211973040036,1
chr17:68250212_C>T,1,0.6757323471247462,1
chr17:68251144_G>A,0,0.14567956110441554,0
chr17:68255873_C>A,0,0.7528825573081386,1
chr17:68351603_T>G,0,0.4594628942306447,0
chr17:68368664_G>A,1,0.45842259319805473,0
chr17:7006591_C>A,0,0.3819881599667896,0
chr17:7036417_G>A,1,0.7125404213473805,1
chr17:7075852_C>T,0,0.3517105079443883,0
chr17:7076051_G>A,0,0.36172783124070024,0
chr17:7078099_G>A,1,0.6896392996648669,1
chr17:73199957_C>T,1,0.3056081040595902,0
chr17:73201255_G>A,0,0.2897656156410992,0
chr17:73206741_C>T,0,0.5012334688198095,1
chr17:744949_G>A,0,0.79975187670937,1
chr17:745941_A>T,1,0.8194468235241614,1
chr17:745993_G>A,1,0.8026308148064394,1
chr17:74613965_G>A,0,0.6056905782723997,1
chr17:74795590_C>A,1,0.3738351574238005,0
chr17:74819795_C>T,1,0.6403053665823003,1
chr17:74863097_G>A,1,0.6728973137843256,1
chr17:75105976_G>A,1,0.7769992449571488,1
chr17:75130837_G>A,0,0.4189055845717215,0
chr17:75131563_G>A,0,0.4200632648263845,0
chr17:75233143_C>T,1,0.2883669994837096,0
chr17:75246547_G>A,1,0.6173952288624146,1
chr17:75489291_C>T,0,0.36840883058252305,0
chr17:75491700_C>T,0,0.45987276584965875,0
chr17:75499284_C>T,0,0.8881961146007907,1
chr17:75573116_C>T,1,0.5280366856021681,1
chr17:75573624_C>T,0,0.5496658262205204,1
chr17:75574632_C>T,1,0.7523359182736788,1
chr17:7559657_G>T,0,0.25504754098647753,0
chr17:75629084_G>T,1,0.701964473157646,1
chr17:75629115_G>A,0,0.6628745571356559,1
chr17:75629809_G>A,0,0.5909291613040158,1
chr17:75662964_G>A,1,0.5100085767451671,1
chr17:75666458_G>A,0,0.7999243873492208,1
chr17:7581036_C>T,1,0.7907150600340481,1
chr17:75830592_G>A,1,0.4383183698986992,0
chr17:75834411_G>A,1,0.46291840344853696,0
chr17:7583881_G>T,1,0.6838207672894281,1
chr17:7587269_C>T,1,0.7272978965319906,1
chr17:75892371_G>A,1,0.583396086979839,1
chr17:75892817_G>A,1,0.5694198607284712,1
chr17:75921979_G>A,1,0.6294352068092802,1
chr17:76001950_C>T,0,0.34944766146264206,0
chr17:76002080_C>T,1,0.37077802139888366,0
chr17:76002092_A>T,1,0.3493685510358465,0
chr17:7626524_G>A,1,0.8211520327171133,1
chr17:76312908_C>A,1,0.7070655702505928,1
chr17:76313874_T>A,0,0.20521728962930585,0
chr17:76344717_C>A,0,0.19099074990640572,0
chr17:76348544_G>A,1,0.2175160637316398,0
chr17:76387511_G>A,1,0.8090571743495397,1
chr17:7701777_C>T,0,0.2738009886680215,0
chr17:7702423_C>A,0,0.3829193792753437,0
chr17:78117335_G>T,1,0.6153263059029237,1
chr17:78122722_G>C,0,0.5866476683810257,1
chr17:78125159_G>A,0,0.5842468425828904,1
chr17:78126590_G>A,1,0.7865592659823384,1
chr17:78140843_G>T,1,0.7809585981850493,1
chr17:78191009_C>T,0,0.6395307111938123,1
chr17:78205715_C>T,0,0.36737660458022603,0
chr17:78400732_C>T,1,0.38364497339718984,0
chr17:7859459_G>A,1,0.7509851508964731,1
chr17:78972093_C>T,0,0.8501245964926043,1
chr17:78972691_G>A,0,0.8768337750075688,1
chr17:78973041_C>T,0,0.40604963201806155,0
chr17:79079543_C>A,1,0.40319990289416086,0
chr17:79080230_G>T,0,0.4019673506525416,0
chr17:79082046_C>T,1,0.3598496152181558,0
chr17:79083035_C>T,0,0.27728451718132124,0
chr17:79084551_C>T,0,0.4507105076199666,0
chr17:79085702_G>T,0,0.8150744253685642,1
chr17:79085969_C>T,1,0.8971134583222939,1
chr17:7923128_C>A,0,0.7941563936682919,1
chr17:7925178_G>A,1,0.27595378619928296,0
chr17:7925701_G>A,1,0.30883838072649655,0
chr17:7931101_G>C,0,0.1774764252417825,0
chr17:7931768_C>T,0,0.4748986608941873,0
chr17:7939525_C>T,1,0.3673811234255945,0
chr17:7943425_C>A,1,0.22526917739296248,0
chr17:7948540_C>T,0,0.5032130313211114,1
chr17:80214655_T>A,1,0.4083287003562244,0
chr17:80222786_C>A,0,0.42498533596225757,0
chr17:80225887_C>G,1,0.5113787468204536,1
chr17:80344839_C>A,0,0.5459079352025077,1
chr17:80363286_G>A,0,0.44202016017958773,0
chr17:8047006_C>T,0,0.44218197771756595,0
chr17:8048526_C>G,1,0.7842156313304227,1
chr17:81189813_C>A,1,0.743040087860165,1
chr17:81192800_G>A,1,0.5309795754539816,1
chr17:81232010_G>A,1,0.4906536978611563,0
chr17:81232318_G>A,1,0.5539009793421076,1
chr17:81247011_T>A,1,0.4236649895734928,0
chr17:81252297_G>A,0,0.4986865697213058,0
chr17:81252408_G>A,1,0.5094382630075643,1
chr17:8141915_G>A,1,0.6567195640827256,1
chr17:8143391_G>A,1,0.7093048823272329,1
chr17:8144754_G>A,1,0.7284373565527944,1
chr17:81541371_G>A,0,0.6201171686933182,1
chr17:81545811_G>A,0,0.6102242810305724,1
chr17:81665311_G>A,1,0.8246902527959783,1
chr17:81672660_C>T,1,0.8851269119088043,1
chr17:81682058_G>T,1,0.5736924231711764,1
chr17:81715070_C>T,0,0.29617572362319017,0
chr17:81717046_C>T,0,0.28429294786733106,0
chr17:81904853_C>A,1,0.8250919885775988,1
chr17:81904928_G>A,1,0.8025532391356651,1
chr17:82030763_C>A,0,0.7677972924781568,1
chr17:82050416_G>A,0,0.26508734214859864,0
chr17:82055823_G>T,0,0.19745012330147033,0
chr17:8206761_G>A,0,0.3337688601305498,0
chr17:82237649_C>A,0,0.46637818962723193,0
chr17:82244786_G>A,1,0.8863944310355304,1
chr17:82322892_G>A,1,0.6927760482093788,1
chr17:82411519_G>A,0,0.35827964776990834,0
chr17:8256882_C>T,0,0.4512800424035979,0
chr17:82584137_C>T,1,0.418587771104236,0
chr17:82615966_G>A,1,0.8503584511203791,1
chr17:8268983_C>T,0,0.7280539418665721,1
chr17:82716864_C>T,0,0.44926335717401084,0
chr17:82726522_C>T,0,0.22186404109992522,0
chr17:8289059_G>T,0,0.2707249462132951,0
chr17:8290865_G>A,1,0.6853906544039517,1
chr17:8291404_G>A,1,0.41138010578604967,0
chr17:8804120_G>A,1,0.47915142758392115,0
chr17:8821915_G>A,0,0.46752595188711893,0
chr17:8823065_G>A,1,0.3726297544246103,0
chr17:8836584_G>A,1,0.40475008590227535,0
chr17:8838648_C>T,1,0.5824976391522323,1
chr17:8890791_G>A,1,0.5449727313992744,1
chr17:9491877_G>A,0,0.0925241652359826,0
chr18:11885741_G>A,0,0.30974214477827916,0
chr18:11897146_A>T,1,0.563031352270695,1
chr18:11981721_G>T,0,0.6172872507644953,1
chr18:12311023_C>T,1,0.7282662703191748,1
chr18:12325924_A>T,1,0.8926672005578473,1
chr18:12987007_C>T,1,0.7397403145957329,1
chr18:13068139_C>T,1,0.345786664333214,0
chr18:13124738_C>T,1,0.8144571310957192,1
chr18:21657148_G>A,0,0.1124763441554164,0
chr18:21765831_C>T,0,0.3699114765017384,0
chr18:21765918_C>T,1,0.3964999221862589,0
chr18:21847037_C>T,0,0.24102217861380235,0
chr18:21857180_C>T,0,0.3731867491632768,0
chr18:22993313_C>T,0,0.28841202012743716,0
chr18:23536743_G>A,0,0.3706917530850317,0
chr18:24163278_C>T,1,0.8420271621853304,1
chr18:24318624_G>A,0,0.12988405504172773,0
chr18:24450782_G>T,0,0.8328625147087667,1
chr18:24450786_C>A,1,0.8103904186539985,1
chr18:26038565_A>T,1,0.1450051123413629,0
chr18:2694683_C>T,0,0.2628943562917571,0
chr18:2891277_C>T,0,0.5944743790653624,1
chr18:3090781_G>A,0,0.2671558633016939,0
chr18:31874533_G>A,0,0.13252341096082826,0
chr18:32129148_C>G,0,0.8076655158933121,1
chr18:3255850_A>T,1,0.8369791187975163,1
chr18:35242678_C>T,0,0.6289552958430199,1
chr18:35264001_C>A,1,0.3663771601014383,0
chr18:35975018_C>T,0,0.17529610951979804,0
chr18:36114184_C>A,0,0.12936087223182682,0
chr18:36126506_G>A,0,0.28336039255747564,0
chr18:36129991_G>T,1,0.6419140809575843,1
chr18:36138399_C>T,0,0.3398879404058874,0
chr18:36141187_C>T,0,0.23261390342370228,0
chr18:36159984_C>T,0,0.20655744816864885,0
chr18:45736567_C>G,0,0.4033260785895378,0
chr18:45749824_T>A,0,0.7884691097226649,1
chr18:45858735_G>A,0,0.38094374995635943,0
chr18:46122561_G>T,0,0.08399915271923741,0
chr18:47869361_C>T,0,0.293109799166708,0
chr18:49792208_G>A,0,0.1332616129482076,0
chr18:49802810_G>C,0,0.5427771083273285,1
chr18:50273608_G>A,0,0.34168741239505196,0
chr18:50284067_G>A,0,0.2644898072259727,0
chr18:50921185_A>T,0,0.18804696664059578,0
chr18:54273937_A>T,1,0.3272110377250863,0
chr18:54294141_C>T,0,0.7693813598312998,1
chr18:59333204_G>A,0,0.15908565596349572,0
chr18:59338858_G>A,0,0.12177151563109749,0
chr18:59338951_C>A,0,0.1385164573475038,0
chr18:62979416_C>A,0,0.7753445590472987,1
chr18:63919830_C>T,0,0.2740155399042221,0
chr18:63985096_A>T,0,0.30585377784841156,0
chr18:63987003_C>T,1,0.7591086454563797,1
chr18:77017023_C>A,1,0.35764454752648217,0
chr18:80034626_G>A,1,0.5410624727935193,1
chr18:9584726_G>A,0,0.17404704945749214,0
chr19:10110223_C>T,1,0.5147042936100907,1
chr19:10111019_C>T,1,0.8845376522014416,1
chr19:10111124_C>T,1,0.8724263213467993,1
chr19:10114481_C>T,1,0.8597630034466255,1
chr19:10114715_C>T,1,0.8609296979521256,1
chr19:1011966_C>A,1,0.4660238469160052,0
chr19:10134232_G>A,0,0.8681488373026771,1
chr19:10254635_A>T,0,0.318059629894607,0
chr19:10259760_C>T,1,0.868665089366333,1
chr19:10259804_C>G,1,0.8545134192448337,1
chr19:10274800_A>T,1,0.6883664528830182,1
chr19:10334221_A>T,0,0.440616734547391,0
chr19:10334537_G>A,0,0.41404345675228715,0
chr19:10335850_C>T,0,0.3683540463000833,0
chr19:10339571_C>T,0,0.6598196460838427,1
chr19:1037880_C>T,1,0.8873732972581644,1
chr19:1043395_G>A,1,0.5424340193414041,1
chr19:1043396_A>T,1,0.5169318335800983,1
chr19:1046315_G>T,1,0.517327847578719,1
chr19:1051179_G>A,1,0.6239879693793026,1
chr19:1053337_C>T,1,0.6206880818469697,1
chr19:1053355_C>T,1,0.6388626110723727,1
chr19:1054256_G>A,1,0.624573072017665,1
chr19:10548987_C>T,1,0.4344803274129391,0
chr19:10551945_C>T,0,0.49977732110725476,0
chr19:10552917_C>A,1,0.8599570880222712,1
chr19:10557677_T>A,0,0.3186167856244089,0
chr19:1056378_C>T,1,0.4716124293584935,0
chr19:1057001_C>T,0,0.5755804567008291,1
chr19:1057368_C>T,1,0.5800158513406963,1
chr19:1058155_G>T,0,0.6191424895233522,1
chr19:1058686_C>T,0,0.6488700834266038,1
chr19:1058728_C>T,1,0.6517172024100795,1
chr19:1059035_C>T,1,0.6204380524423561,1
chr19:1064237_C>T,1,0.6865243775407391,1
chr19:10712172_C>T,0,0.3667538005834721,0
chr19:10833092_C>T,1,0.8716623585261608,1
chr19:10836157_A>T,1,0.7781464578549583,1
chr19:10848517_G>A,1,0.7864315204868044,1
chr19:1089955_G>A,0,0.21996148632303072,0
chr19:1091866_G>A,0,0.18447860601920302,0
chr19:1091870_G>C,0,0.18068576344803963,0
chr19:10924183_C>T,0,0.20371085150625293,0
chr19:10929604_C>T,1,0.813562139637541,1
chr19:11345264_C>T,1,0.6657378340624382,1
chr19:11349979_C>T,1,0.6139739154419277,1
chr19:11350018_C>T,1,0.4756750836555433,0
chr19:11350909_C>T,0,0.4335450325635003,0
chr19:11351973_C>T,1,0.2786374420109044,0
chr19:11378091_G>A,1,0.7947572545125474,1
chr19:11383104_G>A,1,0.5490377079006953,1
chr19:11513262_C>A,0,0.3194008088052366,0
chr19:11617256_T>G,0,0.798937320516867,1
chr19:11617302_C>T,1,0.8075269385467203,1
chr19:11948735_T>G,1,0.8324060612787825,1
chr19:11948958_G>T,1,0.8225693747889605,1
chr19:11949117_A>T,1,0.7828280283787444,1
chr19:11949240_C>T,1,0.8091891215651222,1
chr19:11978408_C>T,0,0.7840072158576131,1
chr19:11978429_G>T,1,0.7531512919983631,1
chr19:11978486_C>T,0,0.7608605770502835,1
chr19:11978654_C>T,1,0.7684262317424664,1
chr19:12132622_G>A,1,0.8006752957319033,1
chr19:12272991_C>A,1,0.6929913885489674,1
chr19:12273455_G>C,1,0.6916369245846091,1
chr19:12274014_C>A,1,0.6492607287846307,1
chr19:12528355_C>T,1,0.6037727748644759,1
chr19:12628895_C>T,0,0.7732035673995232,1
chr19:12666637_C>T,1,0.5218246803676734,1
chr19:12675634_C>T,1,0.9025426678895648,1
chr19:12765947_G>A,0,0.3416474423943965,0
chr19:12881343_G>T,1,0.7110455954832897,1
chr19:12893530_C>T,0,0.23768088239327573,0
chr19:12933552_C>A,0,0.6117820411844486,1
chr19:12954273_G>A,1,0.8412059924213536,1
chr19:13107857_G>T,0,0.352628162357081,0
chr19:13109576_G>A,1,0.34984205416273,0
chr19:13109668_C>T,0,0.3856945649373359,0
chr19:13144840_C>A,0,0.18104492625030597,0
chr19:13149749_C>A,0,0.21974234443787796,0
chr19:13766003_C>T,1,0.3361242819452752,0
chr19:13768632_C>T,1,0.24865137835811585,0
chr19:1399005_T>A,0,0.23966135334758357,0
chr19:14398071_C>T,0,0.43861763799981174,0
chr19:14463709_C>T,0,0.3270216013740082,0
chr19:14518149_G>C,1,0.31195179288283226,0
chr19:14583190_C>G,1,0.6497997137657612,1
chr19:14638106_G>A,0,0.34844864741829584,0
chr19:14644237_C>T,0,0.2651305299857578,0
chr19:14674757_A>T,0,0.6672886218575569,1
chr19:14719032_C>T,1,0.6487632996113175,1
chr19:14719128_C>T,1,0.6805388669679062,1
chr19:14752337_C>A,0,0.4844799201401324,0
chr19:14755059_C>T,1,0.5191989411485486,1
chr19:14766285_C>T,1,0.43992203718831635,0
chr19:15115916_C>T,1,0.37581497158112376,0
chr19:15122761_G>T,0,0.34876917668815016,0
chr19:15124994_G>T,1,0.7579519499262767,1
chr19:15452710_G>A,1,0.5291919401010278,1
chr19:15453121_G>A,0,0.5154535069365697,1
chr19:15454438_G>A,1,0.4445311499380753,0
chr19:15454811_G>A,0,0.47063933529403446,0
chr19:15650045_C>A,0,0.4022583995409855,0
chr19:15658517_G>T,1,0.4331593592845961,0
chr19:16157305_C>A,1,0.7204029428087364,1
chr19:16869970_C>T,0,0.3275571381245093,0
chr19:16878617_G>T,1,0.8071242024653865,1
chr19:17219280_C>T,0,0.234712013962661,0
chr19:17226314_C>T,1,0.677483080083689,1
chr19:17227012_C>T,0,0.5118555023340288,1
chr19:17228878_C>T,0,0.8670723641137756,1
chr19:17338397_G>T,1,0.4085907628674654,0
chr19:17341527_C>T,1,0.8519198691635392,1
chr19:17517800_C>T,0,0.7651723327183431,1
chr19:17568551_C>T,0,0.30793093303731656,0
chr19:17830610_C>A,0,0.5491066022455167,1
chr19:18062272_G>A,0,0.43006099439451445,0
chr19:18066627_C>T,0,0.377378503019149,0
chr19:18072220_T>A,0,0.3370722697721186,0
chr19:18083462_G>A,0,0.5445352016662368,1
chr19:18193913_G>A,0,0.4687904086914425,0
chr19:18196044_C>T,0,0.877457367155818,1
chr19:18435566_A>T,1,0.41959758028808736,0
chr19:18668664_C>T,1,0.8313913982622808,1
chr19:18922498_G>A,0,0.30880299666671834,0
chr19:18927837_C>T,0,0.37527252032630753,0
chr19:18928221_C>T,1,0.9262762970044229,1
chr19:19010306_A>T,1,0.3395740117217587,0
chr19:19057437_C>T,1,0.8128787825352943,1
chr19:19057515_C>T,1,0.8320472884294724,1
chr19:19057587_C>T,1,0.8289191942825203,1
chr19:19120171_C>T,1,0.8160988432083783,1
chr19:19121377_C>T,0,0.3358355397729724,0
chr19:19121544_C>A,1,0.38242132269619206,0
chr19:19133203_G>A,0,0.6294242779377844,1
chr19:19186081_C>T,1,0.35579885654594245,0
chr19:19516260_C>T,1,0.5232590785989982,1
chr19:19516286_T>G,0,0.5341404069796235,1
chr19:19570624_G>A,0,0.2960248524903371,0
chr19:19624363_G>A,1,0.8180508397392281,1
chr19:19626716_A>T,1,0.4933660913690327,0
chr19:19635707_G>A,1,0.5587762137033999,1
chr19:19679374_C>T,1,0.7638199032696702,1
chr19:19680049_C>T,1,0.7910263990211907,1
chr19:19711642_G>A,1,0.7685831174883553,1
chr19:19711810_G>A,1,0.7720064325026015,1
chr19:19712014_G>A,1,0.7520998955921281,1
chr19:19712146_G>A,1,0.7470961734178811,1
chr19:19712230_G>A,1,0.7517629405831762,1
chr19:19714483_G>C,1,0.8413647007008301,1
chr19:19794575_G>A,1,0.5265133557459832,1
chr19:19806069_A>C,1,0.4770820501642898,0
chr19:20197340_C>G,1,0.8264545329714629,1
chr19:2039798_G>A,1,0.8254662316135419,1
chr19:2078176_G>A,0,0.5072889197149834,1
chr19:2097290_C>T,1,0.39797166179366206,0
chr19:2098125_C>A,0,0.3481809523181116,0
chr19:2099000_G>A,1,0.6697560963237777,1
chr19:21293286_G>C,0,0.7719297183827522,1
chr19:21294004_G>C,1,0.7265233015350367,1
chr19:21294126_G>T,1,0.7183838198308302,1
chr19:21529708_G>A,0,0.7384375366845369,1
chr19:21530657_C>T,1,0.7000989033553444,1
chr19:21537931_T>A,1,0.8241126661943026,1
chr19:2236240_G>C,1,0.7949336768318167,1
chr19:2271914_G>T,0,0.11820112482844096,0
chr19:2324128_G>A,1,0.6925248936845592,1
chr19:24106616_C>T,1,0.8276165784403001,1
chr19:24126829_C>T,1,0.8540464406736371,1
chr19:24126981_T>A,1,0.8177858600561498,1
chr19:24127419_G>A,1,0.8420233054527725,1
chr19:2757351_G>A,1,0.796654627576779,1
chr19:2807783_A>T,0,0.3545181972099178,0
chr19:29208100_G>T,1,0.793134356761052,1
chr19:29213096_G>C,1,0.6850550467876398,1
chr19:3008918_G>A,1,0.37683424161380513,0
chr19:3011061_G>A,1,0.3849856009777089,0
chr19:3015718_G>A,1,0.42086948365308074,0
chr19:307213_C>A,0,0.5517008458007175,1
chr19:32622493_G>A,0,0.3958534286054504,0
chr19:32692536_G>A,0,0.3811734627122884,0
chr19:32879377_C>A,0,0.7235433470890262,1
chr19:32881921_G>C,1,0.49936838027357455,0
chr19:32901297_C>A,0,0.4290056466548902,0
chr19:32923518_G>A,0,0.28596138066891585,0
chr19:32926235_A>T,0,0.28353446646111635,0
chr19:32933493_T>A,0,0.2450635205295692,0
chr19:32933646_T>A,0,0.2827334326043016,0
chr19:33106842_A>T,0,0.3722149453606373,0
chr19:33207447_C>T,1,0.8697393091694954,1
chr19:34404446_A>T,0,0.7639383492628039,1
chr19:34409506_C>T,0,0.23478103325875285,0
chr19:34958447_G>A,1,0.7185191019693605,1
chr19:35009909_C>T,1,0.5598894424002852,1
chr19:35261963_C>T,0,0.2666238155725309,0
chr19:35617296_C>T,1,0.4313504441033545,0
chr19:35619631_C>T,1,0.4870850218049651,0
chr19:35620277_G>A,1,0.4467822791225474,0
chr19:35739761_C>A,0,0.436152264995996,0
chr19:35754466_C>T,1,0.8658337864572685,1
chr19:35788415_C>T,1,0.7878328698501534,1
chr19:35903384_C>A,0,0.517823732469378,1
chr19:36039703_G>A,0,0.5826769939017941,1
chr19:36146003_C>T,0,0.18804089145034167,0
chr19:36146234_C>T,0,0.2713388972695669,0
chr19:3753786_G>T,0,0.3181033936897969,0
chr19:3759567_G>A,0,0.5148762810424035,1
chr19:3759856_G>A,0,0.5395687004864929,1
chr19:3762748_G>A,1,0.6530098307679535,1
chr19:38307727_G>A,0,0.15441945538328117,0
chr19:38379241_G>T,0,0.17183955597662923,0
chr19:38406949_C>T,1,0.2784756879345573,0
chr19:38407003_C>T,0,0.3020581269484534,0
chr19:38408818_G>A,1,0.8533588690461223,1
chr19:38408852_T>A,1,0.8629012474616853,1
chr19:38408877_A>T,1,0.8800763642780285,1
chr19:38410946_G>T,1,0.4791751307898487,0
chr19:38412989_G>A,1,0.43480902013787825,0
chr19:38412992_C>A,1,0.4289144188870347,0
chr19:38420249_G>A,0,0.4915128579854169,0
chr19:39175319_G>T,1,0.3749046268978968,0
chr19:39388458_G>T,1,0.31436832543064913,0
chr19:39391618_C>T,0,0.26627489056657816,0
chr19:39391636_C>T,0,0.2836655866095668,0
chr19:39408359_C>A,1,0.8507146668075639,1
chr19:39418764_C>T,1,0.37361517562322066,0
chr19:39418926_C>T,1,0.3601785777573113,0
chr19:39422277_C>T,1,0.3847693202441135,0
chr19:39471608_C>T,1,0.2694814677721693,0
chr19:39489812_C>T,1,0.8568510464745895,1
chr19:3964964_G>T,1,0.6972873548412906,1
chr19:40213108_G>A,1,0.4384053919376846,0
chr19:40451457_G>A,0,0.17847800806402103,0
chr19:40458468_C>A,0,0.23817930953533484,0
chr19:40580810_C>T,0,0.23218007309162025,0
chr19:40583606_C>T,0,0.19325483492550696,0
chr19:40586869_C>T,0,0.22292438374044457,0
chr19:40591115_C>T,1,0.7909358542186997,1
chr19:40613453_C>A,1,0.682481590550221,1
chr19:40629439_C>A,1,0.7685155928911513,1
chr19:40692110_C>T,1,0.8818571378024117,1
chr19:40700126_G>A,0,0.45810743581954394,0
chr19:40700327_G>A,1,0.3751519178204244,0
chr19:40714581_G>A,1,0.7704193490161422,1
chr19:40725400_C>T,0,0.3920042222678453,0
chr19:41316824_C>T,0,0.40573432367969325,0
chr19:41319774_C>T,0,0.3577555585619516,0
chr19:41354870_G>A,1,0.791460263525364,1
chr19:41354993_G>A,1,0.8499753266640272,1
chr19:4175927_G>A,0,0.30344356444194365,0
chr19:41797891_C>T,0,0.2743292754839063,0
chr19:41896472_G>T,0,0.4043603120760033,0
chr19:42216917_C>A,1,0.7389659289999551,1
chr19:42299999_G>A,1,0.6459794481278482,1
chr19:42405475_G>A,0,0.6206850833286498,1
chr19:42408014_T>A,0,0.45134187353675076,0
chr19:42521381_G>A,0,0.38644770221903285,0
chr19:4298124_G>A,0,0.36888355173334103,0
chr19:43361519_C>T,0,0.3492603283256706,0
chr19:43487048_G>A,1,0.43953664653588165,0
chr19:43495581_G>A,1,0.4363302610579816,0
chr19:43497828_G>A,1,0.4527128749347586,0
chr19:43503962_G>A,1,0.6503899773204835,1
chr19:43504013_C>A,1,0.7224133700139296,1
chr19:43551656_G>A,0,0.2844972289665044,0
chr19:43552156_C>A,1,0.292896681589608,0
chr19:4364123_G>A,0,0.25782764402984565,0
chr19:43738124_G>A,0,0.3325101342240415,0
chr19:43913392_G>A,0,0.7881676101045907,1
chr19:43913683_G>A,1,0.8506924102010112,1
chr19:43914466_G>A,0,0.7892937146150674,1
chr19:43996224_C>T,0,0.8177126109698621,1
chr19:44010517_C>T,0,0.8014336575925138,1
chr19:44027107_C>T,1,0.6563202313334523,1
chr19:44172157_C>T,1,0.7673245656702098,1
chr19:44172172_C>T,1,0.7292239249811574,1
chr19:44176979_C>T,0,0.8194769790462582,1
chr19:44177501_C>T,1,0.8129418504888798,1
chr19:44177642_G>T,0,0.7896191731758685,1
chr19:4418053_A>T,0,0.34695593148303894,0
chr19:44236196_C>G,1,0.7095259470141779,1
chr19:44657805_C>T,1,0.33423023627693005,0
chr19:44955465_C>T,1,0.65659212554409,1
chr19:4504539_G>A,1,0.8798968449762911,1
chr19:45059324_C>T,1,0.4087830393290492,0
chr19:45070837_C>T,0,0.8001756449452068,1
chr19:4510452_C>A,1,0.38872819998039787,0
chr19:4524043_C>A,1,0.7726586037293406,1
chr19:4525064_G>A,0,0.4429020114057398,0
chr19:45297950_C>T,0,0.45847977859578853,0
chr19:45347468_C>T,0,0.4428006979615848,0
chr19:45348913_C>T,0,0.38686832924478687,0
chr19:45349489_C>T,0,0.397578925688595,0
chr19:45350746_G>T,0,0.39247239452500376,0
chr19:45353244_C>A,0,0.27030386159922404,0
chr19:45353247_G>A,0,0.28244352671913914,0
chr19:45357682_C>A,0,0.3182251827136206,0
chr19:4539992_G>A,0,0.7192399267584408,1
chr19:45419188_G>C,0,0.20192264859250486,0
chr19:45500687_C>T,0,0.7841661998917462,1
chr19:45553732_G>A,0,0.8001151510913517,1
chr19:45632945_C>T,1,0.43763425013098184,0
chr19:45777670_G>C,1,0.36617621656766064,0
chr19:45777866_G>T,1,0.45475466522457897,0
chr19:45830152_T>A,1,0.39643452225387366,0
chr19:45890736_C>A,1,0.8608102148651663,1
chr19:46623845_G>T,1,0.587432234017996,1
chr19:46784111_C>A,0,0.31580822815332626,0
chr19:4705953_G>A,1,0.5444961424957181,1
chr19:47260738_C>T,0,0.5461650392767724,1
chr19:47271660_G>A,1,0.8349855615003284,1
chr19:47320210_C>T,1,0.7301976275191716,1
chr19:47320705_C>T,1,0.7401106904994804,1
chr19:47353433_C>T,1,0.563949829482618,1
chr19:47357874_C>G,1,0.4531126293312581,0
chr19:47376557_C>T,1,0.5037426589474161,1
chr19:47379815_C>T,1,0.646682317947488,1
chr19:47381216_C>T,1,0.7068585847032355,1
chr19:47493160_G>T,0,0.13791337348909033,0
chr19:47493490_G>A,0,0.11626751761411007,0
chr19:48122950_G>T,1,0.5620868098596044,1
chr19:48327565_C>G,0,0.18386738731744073,0
chr19:48329444_C>T,1,0.631838579050767,1
chr19:48343410_C>T,1,0.41197304439020277,0
chr19:48363462_C>T,1,0.6174532855552224,1
chr19:4839197_T>A,1,0.8421295460783996,1
chr19:4847783_G>A,0,0.39466626234098307,0
chr19:4859607_G>A,0,0.3348422084781445,0
chr19:48615401_G>A,1,0.8736151476990225,1
chr19:48640263_G>C,0,0.20542431394675023,0
chr19:48796945_G>A,0,0.1972559374761655,0
chr19:48797210_G>C,0,0.23146602888252565,0
chr19:48873462_A>T,1,0.6504096514053962,1
chr19:48873711_G>T,1,0.4307085730334269,0
chr19:48900887_C>T,0,0.6254088050972371,1
chr19:48904416_C>T,0,0.26010839460454094,0
chr19:48966341_G>T,1,0.15821517916063357,0
chr19:48970958_C>A,0,0.30554346662741616,0
chr19:49293314_T>A,0,0.36618771961770064,0
chr19:49453389_G>T,1,0.7011413787484152,1
chr19:49462657_C>T,0,0.33002360954104165,0
chr19:49465793_C>T,1,0.32082309133440934,0
chr19:49466084_G>A,0,0.4212457058393917,0
chr19:49470423_C>T,1,0.8015636846042318,1
chr19:49478923_T>A,1,0.5556509888738496,1
chr19:49525534_G>T,0,0.7079637952339334,1
chr19:49534278_C>T,1,0.21403569215064178,0
chr19:49542702_C>T,1,0.7613638733542702,1
chr19:49543143_G>A,1,0.7866379966431083,1
chr19:49636645_T>A,0,0.22277904557083156,0
chr19:49654429_C>T,0,0.5401757818551017,1
chr19:49667089_C>T,0,0.4675131189105528,0
chr19:49669042_C>A,0,0.4829951096109604,0
chr19:49836379_C>T,1,0.6974578203703342,1
chr19:49861297_C>T,1,0.8009546052552291,1
chr19:49861473_G>C,1,0.7826126802016963,1
chr19:49861679_G>A,1,0.5049317391815927,1
chr19:49881384_C>T,0,0.46464405594289176,0
chr19:49932862_C>T,1,0.7784379124879488,1
chr19:50007626_G>A,0,0.30328295011021134,0
chr19:50402028_C>T,1,0.5438329568876854,1
chr19:50480156_C>T,0,0.4173783276585003,0
chr19:50725354_C>T,1,0.9025610276985377,1
chr19:51125242_C>T,0,0.47987395941906513,0
chr19:51127180_C>A,0,0.353258660532679,0
chr19:51146055_C>T,0,0.228022465609935,0
chr19:51354305_G>A,0,0.5489499146443916,1
chr19:51417265_G>A,0,0.5505630282627738,1
chr19:52290551_C>T,1,0.7678216525318791,1
chr19:52290737_C>T,1,0.7198555289375321,1
chr19:52290940_T>A,1,0.7611745441753225,1
chr19:52322496_C>T,1,0.7593827547118089,1
chr19:52554365_C>G,0,0.8273554256021296,1
chr19:52554834_C>T,1,0.8369087288367818,1
chr19:52555579_C>G,1,0.8733534574932812,1
chr19:52582594_C>T,1,0.7998820271942947,1
chr19:52583404_C>T,0,0.8487468364470657,1
chr19:52840893_G>T,1,0.7668008275323487,1
chr19:52840971_A>T,1,0.7929255193127265,1
chr19:52841770_G>C,1,0.7241106089786611,1
chr19:52854260_G>A,1,0.8065413437297673,1
chr19:53577923_C>T,0,0.837527663631741,1
chr19:53794084_G>A,0,0.7814891444836114,1
chr19:53795869_G>A,0,0.7163066745398157,1
chr19:53795911_G>A,1,0.45454412609448247,0
chr19:53805386_T>A,1,0.4124410826525359,0
chr19:53809805_G>C,0,0.3907662077131363,0
chr19:53809877_C>T,1,0.3652584538072532,0
chr19:53810141_A>T,0,0.3948845662721978,0
chr19:53810809_G>A,1,0.4053306542970207,0
chr19:53823965_C>T,1,0.5527953327617198,1
chr19:53824168_G>A,1,0.6388203446764174,1
chr19:549171_C>T,1,0.7888194433438253,1
chr19:55240237_G>A,0,0.3076268613490258,0
chr19:55265888_G>T,0,0.26290947629356476,0
chr19:55313034_G>T,1,0.7882691119725569,1
chr19:55320088_C>T,0,0.3584735745655361,0
chr19:55347045_C>T,1,0.8351792747582771,1
chr19:55455105_G>A,0,0.3199703167996361,0
chr19:55456459_G>A,1,0.7635619136862773,1
chr19:57212070_C>T,1,0.7204819025658171,1
chr19:57398795_C>T,1,0.6938141757343627,1
chr19:57399145_T>A,1,0.7286631528096488,1
chr19:57493197_C>T,1,0.7706361736805334,1
chr19:57621182_C>T,1,0.749456300433354,1
chr19:57634678_G>A,1,0.6138232274330144,1
chr19:57641288_C>T,0,0.7256233757082159,1
chr19:57642097_T>A,1,0.8415104882450835,1
chr19:57720495_C>A,1,0.7930507547026296,1
chr19:57721005_G>A,1,0.7464969632053626,1
chr19:57753666_T>G,0,0.7989568882661912,1
chr19:57753830_G>T,1,0.7725325138581195,1
chr19:57754457_C>T,1,0.8003107170221184,1
chr19:57754652_C>T,1,0.8486180830903405,1
chr19:57779404_C>T,1,0.7460118457917104,1
chr19:57779790_T>A,0,0.7863850816307152,1
chr19:577887_C>T,1,0.3247852994876942,0
chr19:57813321_C>A,1,0.8326370594827904,1
chr19:57841962_C>T,1,0.6869835715067633,1
chr19:57842106_A>T,1,0.643738874361724,1
chr19:57859610_C>T,0,0.7318116376535516,1
chr19:57873100_G>A,1,0.7608830765083332,1
chr19:57873436_G>A,1,0.7322598112861803,1
chr19:57873688_G>A,1,0.6941470526948441,1
chr19:57873746_A>T,1,0.7039251731048682,1
chr19:57873775_G>A,0,0.7022405980426616,1
chr19:57873940_G>A,1,0.7284262713357771,1
chr19:57908960_C>A,0,0.7979765492215508,1
chr19:57909335_G>A,1,0.808175926735997,1
chr19:57909356_T>A,1,0.7823024699239441,1
chr19:57912141_C>A,1,0.800216236374665,1
chr19:58295300_C>T,0,0.7638940508051768,1
chr19:58312268_C>T,1,0.47732981489353277,0
chr19:58480401_G>A,1,0.8106994455185436,1
chr19:58480402_G>A,1,0.7966008408537266,1
chr19:58516841_G>C,0,0.5845169511941481,1
chr19:58549037_C>T,0,0.5279904831770241,1
chr19:58570994_C>T,0,0.5260760796419194,1
chr19:5914293_G>T,1,0.3938179736089639,0
chr19:5951545_C>A,0,0.48375211045673505,0
chr19:619987_G>A,0,0.3798388029344867,0
chr19:621417_C>A,0,0.46720376905467104,0
chr19:621657_G>A,0,0.5075532702111141,1
chr19:622286_G>A,0,0.48964300808181166,0
chr19:625167_G>A,1,0.5101335538142825,1
chr19:6374234_C>A,1,0.32928440332101194,0
chr19:6389518_G>T,0,0.35840936962373166,0
chr19:6471289_A>T,0,0.3868043464450958,0
chr19:6741094_G>T,0,0.4547922678787415,0
chr19:6746497_C>T,0,0.3836292366592895,0
chr19:6755070_G>A,1,0.5369228657638894,1
chr19:6755202_G>A,0,0.5384943469008351,1
chr19:6760696_G>A,1,0.5180160106275171,1
chr19:687035_T>A,0,0.5221601650596075,1
chr19:6897463_G>T,0,0.23044861673755362,0
chr19:6906492_C>T,0,0.20374351000671403,0
chr19:6937547_C>T,0,0.33654802830404884,0
chr19:7488973_G>T,0,0.8013290183067536,1
chr19:7631799_G>A,0,0.8006382784388208,1
chr19:7678395_G>A,0,0.23202520078790514,0
chr19:7678505_C>T,0,0.27217687166390736,0
chr19:7678983_C>T,0,0.6763680560564093,1
chr19:7690475_C>T,0,0.23207672888189423,0
chr19:7697266_G>A,0,0.2207657718199286,0
chr19:8251105_G>A,1,0.7694616498865324,1
chr19:8256243_G>A,0,0.3440126784719296,0
chr19:8256267_G>A,0,0.29619666459807087,0
chr19:8257963_C>T,0,0.36800549169996516,0
chr19:8321317_C>T,1,0.46246579892197337,0
chr19:9413319_G>A,1,0.8951844701265892,1
chr19:9413391_G>A,1,0.885592907998659,1
chr19:9413895_G>A,1,0.8534074248227574,1
chr19:9415698_G>A,1,0.7831165743291145,1
chr19:9566494_T>A,1,0.8020220721533402,1
chr19:972046_C>G,1,0.6681151810851761,1
chr19:9854408_G>C,1,0.86226639029949,1
chr1:103536183_C>T,0,0.1856627100884491,0
chr1:103537477_C>T,1,0.1507618261107408,0
chr1:103547025_C>T,0,0.23840276121510073,0
chr1:10463096_G>A,1,0.7004180113672089,1
chr1:107766472_G>A,0,0.22868301552261433,0
chr1:108924060_C>A,0,0.15172938606449707,0
chr1:108929908_A>T,1,0.8283574443676391,1
chr1:108941486_G>A,0,0.11417968928738251,0
chr1:108971439_G>T,1,0.8031706839452666,1
chr1:109281699_G>A,1,0.40800395676603124,0
chr1:109579294_C>T,0,0.192807324846123,0
chr1:109626416_G>T,0,0.43027101800975054,0
chr1:109627880_C>T,0,0.4824755259188011,0
chr1:109630957_G>A,1,0.8190236312400457,1
chr1:109656759_C>G,0,0.3259460613876714,0
chr1:109668473_G>T,0,0.3834346003167159,0
chr1:109671359_C>T,1,0.14301313869527718,0
chr1:109671575_C>T,1,0.6716090736417696,1
chr1:110053838_C>T,1,0.8687240286939133,1
chr1:110345550_C>T,1,0.7398119463900592,1
chr1:11088177_A>T,0,0.24207163704789,0
chr1:110896722_C>T,0,0.19274389375946083,0
chr1:110952285_G>T,0,0.36191012761520025,0
chr1:111200399_G>A,1,0.75579954308122,1
chr1:111200414_G>A,1,0.7644721006046786,1
chr1:111241386_C>A,0,0.15811393721702757,0
chr1:111416453_C>T,1,0.31082368121515264,0
chr1:111488787_C>T,0,0.24788519692375743,0
chr1:111503033_G>A,1,0.3187749024980944,0
chr1:111503112_G>T,1,0.3525700091912735,0
chr1:111760505_C>G,0,0.23346796460326255,0
chr1:111765947_C>A,0,0.7833716297342393,1
chr1:111766401_C>A,1,0.7923863573294325,1
chr1:112526054_G>A,0,0.8014006332154929,1
chr1:112591565_G>A,0,0.1941203635085954,0
chr1:113073437_G>T,1,0.7164466008686676,1
chr1:113700904_C>A,0,0.22287359136830373,0
chr1:113700943_G>A,0,0.1891269843400424,0
chr1:113706680_G>A,1,0.13466478802589815,0
chr1:113724886_G>A,0,0.22188149450738434,0
chr1:113738164_G>A,0,0.24249343092974188,0
chr1:113766021_G>A,0,0.7995816431202265,1
chr1:113855043_G>A,0,0.19054149337358087,0
chr1:113895992_A>T,0,0.39120890057300706,0
chr1:113899961_G>A,0,0.28574962524612757,0
chr1:113900124_A>T,1,0.2382547722293816,0
chr1:114776369_G>A,1,0.6604833388778087,1
chr1:11656018_G>A,1,0.32725890901347204,0
chr1:11658308_G>T,1,0.23221196811333106,0
chr1:11658736_G>A,0,0.30155060463759714,0
chr1:11668790_G>A,1,0.540434611513879,1
chr1:11671944_C>T,0,0.35161703849840237,0
chr1:11673714_C>T,1,0.7717907355747597,1
chr1:11673828_C>T,1,0.8308419379047333,1
chr1:116760524_C>T,0,0.23630142067506257,0
chr1:117460499_C>T,1,0.17301209538549148,0
chr1:117896840_G>A,1,0.18512391739979486,0
chr1:117896921_G>A,0,0.21820087948524017,0
chr1:11923262_G>A,0,0.4079656885690233,0
chr1:11923367_C>A,0,0.3641719758859239,0
chr1:120160402_G>A,1,0.5795240784345103,1
chr1:12022221_C>T,0,0.4708712124798598,0
chr1:12022302_C>T,1,0.4855645117669077,0
chr1:12022909_G>A,0,0.4156834440522338,0
chr1:12022910_G>A,0,0.4446279301602123,0
chr1:12029848_C>T,1,0.46730893617113756,0
chr1:1203888_G>A,1,0.7694540402582104,1
chr1:1204085_G>A,1,0.3921306242520324,0
chr1:1217539_G>C,1,0.8446188609019691,1
chr1:1281502_G>T,0,0.6549040486583755,1
chr1:1285935_C>T,1,0.5758661354509792,1
chr1:1287139_C>T,1,0.4702608677324444,0
chr1:1287831_C>T,1,0.49591952972876646,0
chr1:1290307_G>T,0,0.5423366928342811,1
chr1:1290638_G>T,0,0.4943994702751312,0
chr1:1309201_C>G,1,0.49909757875552735,0
chr1:1310649_G>A,1,0.38804984672471443,0
chr1:1321073_G>A,1,0.662580347715962,1
chr1:1327270_C>G,1,0.7977063557948165,1
chr1:1336189_G>A,1,0.8619333260948472,1
chr1:1336381_G>A,0,0.8547861120260853,1
chr1:13778540_C>T,1,0.3623684805168553,0
chr1:1402163_G>A,1,0.8890313550694932,1
chr1:144423091_G>T,1,0.8028320710855456,1
chr1:144423127_G>C,1,0.8248182514790288,1
chr1:144427906_A>T,0,0.255206637510316,0
chr1:144435262_A>T,1,0.32934134362241113,0
chr1:145730785_C>T,0,0.335820328376778,0
chr1:145826556_C>T,1,0.3561884711552667,0
chr1:145826864_C>T,0,0.2871808418547171,0
chr1:145840995_C>T,0,0.41253277458488996,0
chr1:145975338_C>G,0,0.2303862298169126,0
chr1:145994335_G>A,0,0.281406495128357,0
chr1:145996086_G>A,0,0.5217421037160903,1
chr1:147264464_C>T,0,0.18931206661285352,0
chr1:147265955_C>T,0,0.20288982194082944,0
chr1:147265973_C>T,1,0.18093598133535704,0
chr1:147267485_C>T,0,0.15315990154072967,0
chr1:147284476_C>T,0,0.19387561437692727,0
chr1:147287685_C>T,0,0.23297786442846888,0
chr1:147293626_C>T,1,0.14549825073053582,0
chr1:147655171_G>A,0,0.2971763254373319,0
chr1:147655181_C>T,1,0.30865289327665535,0
chr1:147670016_C>T,1,0.6664627674327664,1
chr1:147943538_C>T,1,0.3177778832930218,0
chr1:147944008_C>T,0,0.3305333095504029,0
chr1:149784224_C>T,0,0.2959643570889483,0
chr1:149790203_C>T,0,0.2609084311220743,0
chr1:149929659_C>T,1,0.824877733871526,1
chr1:149929725_C>T,1,0.5421820608269045,1
chr1:150487470_G>A,1,0.7059646641441938,1
chr1:150498548_C>T,0,0.32593315569552617,0
chr1:150555497_G>T,1,0.2932289168564069,0
chr1:150557296_C>T,1,0.3792831462621885,0
chr1:150559144_G>A,1,0.32358071011372935,0
chr1:150559459_G>A,1,0.3710858247369029,0
chr1:150757965_G>A,0,0.41864451627196275,0
chr1:150984631_C>T,0,0.34402064247183883,0
chr1:150994697_C>T,1,0.7438239335351188,1
chr1:151118089_C>T,1,0.7526921814602631,1
chr1:151168334_C>T,1,0.8281355208695744,1
chr1:151169014_C>T,1,0.861541896632384,1
chr1:151242173_C>T,0,0.4446491517124787,0
chr1:151342629_G>A,1,0.8728545443279166,1
chr1:151401317_C>T,0,0.11513042048044092,0
chr1:151581690_C>T,1,0.746291033911487,1
chr1:151692947_C>T,0,0.3187602903653054,0
chr1:151851135_C>A,1,0.2457818315970426,0
chr1:151852398_C>T,1,0.3557027762171578,0
chr1:153390108_C>A,1,0.7703271527512727,1
chr1:153543899_G>A,1,0.8108778889296915,1
chr1:153661203_C>T,1,0.822169313722231,1
chr1:153933214_G>A,1,0.38804291199411056,0
chr1:153933677_G>A,1,0.5230749013582674,1
chr1:153968604_G>T,1,0.678500601472612,1
chr1:153969341_G>A,1,0.2790963571865267,0
chr1:154275453_C>T,1,0.8437971626840375,1
chr1:154345450_C>T,0,0.4620413243581427,0
chr1:154349040_G>A,1,0.8225146372646533,1
chr1:154405704_C>A,1,0.770150979894047,1
chr1:154601564_G>A,1,0.2878688674614065,0
chr1:154929092_C>A,0,0.23642826821723908,0
chr1:154936607_C>A,0,0.47294935327214066,0
chr1:154945885_G>A,0,0.4134795034277774,0
chr1:154946071_G>A,0,0.4244017192288703,0
chr1:154946295_C>T,0,0.3421466018082024,0
chr1:154947533_G>A,0,0.3170678756231784,0
chr1:154951337_G>A,0,0.39004296621035367,0
chr1:154967986_G>A,0,0.2649549267722652,0
chr1:155055953_C>T,0,0.39317041048518186,0
chr1:155056101_C>T,0,0.5071649458832292,1
chr1:15506049_G>A,1,0.2998499168961709,0
chr1:155061919_C>T,0,0.5103570375176717,1
chr1:155138075_C>T,1,0.7203572158074436,1
chr1:155169810_G>A,1,0.695325672900526,1
chr1:155169847_G>T,1,0.1907487603516433,0
chr1:155196002_G>A,0,0.8098788906349226,1
chr1:155197114_G>A,1,0.36990927930024037,0
chr1:155197512_C>T,1,0.34991013510534036,0
chr1:155200558_G>T,0,0.20267050239973766,0
chr1:155205308_G>A,0,0.5016727285364138,1
chr1:155337668_G>A,1,0.8968239732336531,1
chr1:15559529_C>T,1,0.29215672752230054,0
chr1:15559568_C>T,1,0.36076803487723297,0
chr1:155660592_C>A,1,0.8264472352574799,1
chr1:155725478_C>T,0,0.09984747146542432,0
chr1:155727673_C>T,0,0.12961551685332104,0
chr1:155731974_C>T,0,0.15842000814614574,0
chr1:155762246_G>A,0,0.4825547126878974,0
chr1:155957872_G>C,0,0.3831115262452125,0
chr1:155969276_C>A,1,0.5930005874951109,1
chr1:156048584_C>A,0,0.2795868109336379,0
chr1:156050476_G>A,1,0.281526237175218,0
chr1:156154710_C>A,0,0.7323426664129473,1
chr1:156156515_C>T,0,0.5007987009978124,1
chr1:156200397_C>T,0,0.5767335241796474,1
chr1:156236397_C>T,0,0.21693440778259274,0
chr1:156243081_T>A,1,0.7371522023425471,1
chr1:156279012_G>A,1,0.7294735455930696,1
chr1:156285883_T>A,1,0.5353604233490245,1
chr1:156593431_T>G,0,0.16305482812851677,0
chr1:156700034_G>A,0,0.7780140624397798,1
chr1:156737727_G>A,0,0.08160528655661063,0
chr1:156945133_A>T,0,0.44284542062391424,0
chr1:156955721_T>A,0,0.38588169045042625,0
chr1:157534688_G>T,0,0.3478548612482889,0
chr1:157697232_C>T,0,0.2837871900667696,0
chr1:157697857_G>A,0,0.2876525290911364,0
chr1:157748882_A>C,0,0.17882607522132712,0
chr1:157767441_C>A,1,0.1720212687488556,0
chr1:157770000_G>C,0,0.11716669434726931,0
chr1:157770447_C>T,1,0.20708721738320285,0
chr1:157802632_G>A,1,0.19970701132047872,0
chr1:158291199_C>T,0,0.2238274152647016,0
chr1:158292098_C>T,0,0.12806885362313225,0
chr1:158292826_C>T,0,0.20846962577096892,0
chr1:158845829_C>G,0,0.19291610880464388,0
chr1:158847807_G>A,0,0.25017034832861224,0
chr1:158942028_C>T,0,0.2694087865965405,0
chr1:158943819_T>A,0,0.20282646159213322,0
chr1:158943904_C>T,0,0.2476424300435156,0
chr1:159063518_G>A,1,0.7047831752679593,1
chr1:159073256_G>A,0,0.35788737624727446,0
chr1:159808237_C>T,1,0.34621351996071065,0
chr1:159809008_C>T,1,0.4405690878122453,0
chr1:159809602_C>T,0,0.33609376131031654,0
chr1:159815572_C>T,1,0.31413794429307595,0
chr1:159815623_C>T,1,0.23853668829397492,0
chr1:159829976_C>T,1,0.5284547511351849,1
chr1:159829986_G>A,0,0.41911098834079585,0
chr1:159830018_C>T,0,0.5064079865389831,1
chr1:159833281_C>A,1,0.37568477658465826,0
chr1:159880691_G>A,0,0.344269329477071,0
chr1:160092338_C>T,1,0.4080656199183864,0
chr1:160093107_G>A,0,0.330393288971825,0
chr1:160282461_T>A,0,0.13033728726746174,0
chr1:160799777_C>A,1,0.4951570114662763,0
chr1:160814630_G>A,0,0.2822349881078658,0
chr1:160818307_C>T,0,0.2117641471377006,0
chr1:160841671_G>A,0,0.236822704176345,0
chr1:161047984_G>A,1,0.7622002013313351,1
chr1:161120697_C>T,1,0.8499027454078055,1
chr1:161154080_G>A,0,0.24257593273412137,0
chr1:161171045_C>T,1,0.8267267450518718,1
chr1:161171830_G>A,0,0.9089243176718675,1
chr1:161175112_G>A,0,0.5492455209834642,1
chr1:161217994_G>T,0,0.45393505434664455,0
chr1:161323636_C>T,1,0.5511850313903474,1
chr1:161505517_G>A,0,0.5487978835250347,1
chr1:161506414_C>T,1,0.23872725209644755,0
chr1:161509892_G>A,0,0.25503947246468406,0
chr1:161543058_C>T,1,0.7626788766971381,1
chr1:161711354_G>T,0,0.2707314079898869,0
chr1:161752385_C>T,0,0.14896027527091835,0
chr1:162398957_C>T,0,0.647223503560505,1
chr1:162587583_C>T,0,0.1392025655567782,0
chr1:162799935_C>T,0,0.21714979524830574,0
chr1:165669279_T>A,0,0.13688851280562075,0
chr1:165683023_G>A,0,0.0960318879911356,0
chr1:166847544_G>T,1,0.643698933621088,1
chr1:166860280_G>A,0,0.3164672425240776,0
chr1:167073429_G>A,1,0.2687618420937449,0
chr1:167546199_C>T,0,0.2594000141263526,0
chr1:167697408_G>T,0,0.3850360673625346,0
chr1:168305136_C>T,1,0.3020530164684794,0
chr1:168540990_G>A,0,0.7444900909884842,1
chr1:169132809_G>T,1,0.6896612908816544,1
chr1:16929852_C>T,0,0.5237071839782117,1
chr1:169378507_C>T,0,0.21067978700130996,0
chr1:169387102_C>T,1,0.8776772214418068,1
chr1:169524861_G>A,0,0.2742531574089575,0
chr1:169542002_G>A,0,0.3232267934836154,0
chr1:16954334_C>T,1,0.4363285111668739,0
chr1:169549986_G>A,0,0.22691549002524247,0
chr1:169603051_C>T,0,0.2504799135019242,0
chr1:169611565_G>T,0,0.2199705021376508,0
chr1:169612370_G>A,0,0.31683665461018085,0
chr1:16969866_C>T,1,0.49961391604384847,0
chr1:16972396_C>T,1,0.8231181102116228,1
chr1:169854764_G>A,1,0.39123497165383214,0
chr1:16991767_G>A,0,0.4501015167817182,0
chr1:170046746_A>C,0,0.1509026232771565,0
chr1:1716419_G>A,0,0.4791801878828974,0
chr1:171783995_C>T,0,0.3562111162896279,0
chr1:171784274_C>T,0,0.3471946791230269,0
chr1:171785983_C>T,0,0.25722716564594794,0
chr1:172555932_G>T,0,0.2948830714516139,0
chr1:172610104_C>T,1,0.884208427073812,1
chr1:173486372_A>T,1,0.7667153988241007,1
chr1:173946538_G>A,0,0.32789140873623035,0
chr1:17607855_C>T,0,0.48710377070549926,0
chr1:17656639_C>T,0,0.5546635218095677,1
chr1:178811393_A>T,1,0.13995204217675036,0
chr1:178885108_C>T,0,0.1567591076561179,0
chr1:178892285_C>T,1,0.15362511583982622,0
chr1:179044070_G>T,1,0.30511088036285366,0
chr1:179344967_T>G,0,0.18207938317472744,0
chr1:179889342_C>T,0,0.2653684723258931,0
chr1:179914054_C>T,0,0.68597928291785,1
chr1:180182281_C>A,1,0.27334105490457844,0
chr1:180186108_G>T,0,0.34669502308352856,0
chr1:180196672_G>T,1,0.8028392259751382,1
chr1:180196726_C>T,0,0.805518882833768,1
chr1:180196873_C>T,1,0.8371224986815252,1
chr1:180196944_T>G,1,0.8329840451130097,1
chr1:180880249_G>A,0,0.7383065022728083,1
chr1:181049240_C>T,0,0.41192807328783676,0
chr1:182585423_G>A,0,0.3641982962953253,0
chr1:184712562_A>T,1,0.28505606339314904,0
chr1:184737663_G>A,1,0.4228981426012821,0
chr1:185299737_G>A,1,0.6695009733921595,1
chr1:185307608_G>A,0,0.21311776153870948,0
chr1:186965426_C>T,0,0.21297772636807152,0
chr1:19230930_G>A,0,0.43186176071434074,0
chr1:19243664_C>T,0,0.3292282596388549,0
chr1:193021143_A>T,0,0.5020512489693941,1
chr1:193105339_C>T,1,0.7879093136680673,1
chr1:19683368_C>T,1,0.8544197241424316,1
chr1:19737450_G>A,1,0.31125643393348185,0
chr1:19745634_G>A,0,0.3632683837309932,0
chr1:19747244_G>A,0,0.3377226966524702,0
chr1:198264125_C>T,0,0.1296723031051193,0
chr1:200644427_G>A,0,0.7781053098995483,1
chr1:200649102_G>T,0,0.22096401578817457,0
chr1:200665951_G>A,0,0.2607806717737136,0
chr1:200975549_G>A,1,0.5600583149838462,1
chr1:201983048_C>T,0,0.2822662442900449,0
chr1:201996214_G>T,0,0.15281204291817818,0
chr1:202001683_C>T,0,0.22081764712119276,0
chr1:202003251_C>T,0,0.249335768721699,0
chr1:202495323_C>T,1,0.3711101722976204,0
chr1:202729928_G>A,0,0.38213679671728096,0
chr1:202730941_G>A,1,0.3813301022197306,0
chr1:202762722_G>A,0,0.36502357632467625,0
chr1:202895580_C>T,0,0.1850964197086618,0
chr1:202963710_G>A,0,0.19498910750446594,0
chr1:203180499_T>A,0,0.2794940160468264,0
chr1:203181203_G>A,0,0.31910458172288453,0
chr1:203185229_C>T,0,0.3753092614878402,0
chr1:203216948_G>A,0,0.7538636092446492,1
chr1:203771384_C>T,1,0.3223041090083173,0
chr1:203774003_C>A,1,0.7802068190300052,1
chr1:20500884_G>A,1,0.78393984926233,1
chr1:20501097_G>A,1,0.8050476267966924,1
chr1:20508002_G>T,1,0.7341198034820627,1
chr1:205303463_G>C,1,0.7550616879632102,1
chr1:205304409_G>A,1,0.7951619440623179,1
chr1:20638119_G>A,0,0.2692518380952718,0
chr1:206474895_G>T,1,0.39173385181729975,0
chr1:206478269_C>T,1,0.3816750915625789,0
chr1:20649109_C>T,0,0.31991827626306046,0
chr1:20649217_C>T,1,0.7944745855880696,1
chr1:206493359_C>T,1,0.4955497708535467,0
chr1:206911836_G>A,0,0.457902650349644,0
chr1:207065132_C>T,0,0.20267926065693959,0
chr1:207757091_C>T,0,0.3412557172953003,0
chr1:209760262_G>T,1,0.6714875277125922,1
chr1:209762600_C>A,1,0.42820325243513285,0
chr1:209775649_T>G,0,0.3923595079043225,0
chr1:211356417_T>G,1,0.3721412115723395,0
chr1:212807846_C>T,0,0.17957166657624726,0
chr1:213071015_C>T,1,0.49836519624906117,0
chr1:213104483_A>T,1,0.3528586029574494,0
chr1:219173918_C>T,1,0.778335506362094,1
chr1:219210546_G>T,0,0.12174399095570308,0
chr1:219210645_C>T,1,0.5822998687829143,1
chr1:220159391_G>A,0,0.26619251540961864,0
chr1:222665608_C>T,1,0.8603071933070502,1
chr1:222719307_C>T,0,0.16332820316484634,0
chr1:222724123_C>T,0,0.17610603132926048,0
chr1:223804315_G>A,1,0.2889411199088955,0
chr1:224287968_A>T,1,0.29795555954548775,0
chr1:224294345_A>C,0,0.2418643436533672,0
chr1:22501609_C>T,1,0.3555168131464167,0
chr1:22508695_C>T,1,0.42738221009837357,0
chr1:22517386_A>T,1,0.30105894653373494,0
chr1:225831903_G>A,0,0.18433412915576655,0
chr1:225845328_C>A,0,0.8099881471145893,1
chr1:225920541_C>A,1,0.8782883297505307,1
chr1:225985310_T>A,1,0.8536873745852721,1
chr1:226152456_C>T,1,0.27408838569342603,0
chr1:226383177_G>A,0,0.2316073988090601,0
chr1:22661153_C>T,0,0.7571000561147906,1
chr1:226965369_C>T,1,0.2910292296834327,0
chr1:226982996_C>T,0,0.3306198881523926,0
chr1:226983826_C>T,0,0.31781956647663373,0
chr1:226986495_G>T,1,0.8338319544240792,1
chr1:228107803_C>T,0,0.6203806397067961,1
chr1:229297525_C>T,0,0.09348631105430699,0
chr1:229325339_G>A,1,0.8096221284926648,1
chr1:229441918_G>A,1,0.8279322401654947,1
chr1:229460706_G>A,0,0.21998593358269597,0
chr1:229487592_G>A,1,0.22773222976383914,0
chr1:230663186_C>T,0,0.3054441726089262,0
chr1:230868339_C>T,0,0.5130556002655291,1
chr1:230923884_G>A,1,0.18059283625349104,0
chr1:231260639_C>T,1,0.12715980139227478,0
chr1:231276163_G>T,1,0.7295936328844277,1
chr1:231276187_G>T,0,0.6956135129402545,1
chr1:231421428_G>T,1,0.44843041144994333,0
chr1:231770997_A>T,1,0.4182084298670494,0
chr1:232999358_C>A,1,0.5101921781160954,1
chr1:233054286_G>A,1,0.35290237665428253,0
chr1:233160336_C>T,0,0.40754660004922244,0
chr1:234391624_C>A,0,0.8261751333078171,1
chr1:234391642_C>A,1,0.8785121110953089,1
chr1:234406033_G>A,1,0.34466033542445046,0
chr1:234463885_G>A,0,0.20125068578188363,0
chr1:235759177_G>A,1,0.3604666142166498,0
chr1:235759573_G>A,1,0.46379346194926274,0
chr1:235806051_G>A,1,0.3993210819493856,0
chr1:235810385_G>A,0,0.459242883052014,0
chr1:236183880_C>T,0,0.28958335604678154,0
chr1:236226387_G>A,0,0.16529877838149662,0
chr1:236538919_C>T,1,0.3569537818078477,0
chr1:236543605_C>T,0,0.24807901751610864,0
chr1:236556156_G>A,0,0.3444775240018754,0
chr1:236585186_C>A,1,0.2937790758335421,0
chr1:23797815_G>T,0,0.24917742488074823,0
chr1:23825385_G>A,1,0.7333073621498531,1
chr1:23859826_G>T,0,0.1481293370550917,0
chr1:23859867_C>T,0,0.17989375180512393,0
chr1:23863245_G>C,0,0.1670745439854995,0
chr1:2399419_G>A,0,0.26529457734402867,0
chr1:241604265_G>A,1,0.3456702135660421,0
chr1:24469156_C>T,0,0.7363942214838597,1
chr1:24514469_G>T,0,0.6022406875708153,1
chr1:24533143_C>T,1,0.2876214869867869,0
chr1:247444125_C>A,0,0.358116475382836,0
chr1:247857534_C>A,0,0.4702853870710607,0
chr1:247857547_G>T,0,0.4722410604085513,0
chr1:247860674_C>T,0,0.39373737660421254,0
chr1:247864813_C>T,0,0.4066486397756392,0
chr1:248812178_C>A,0,0.8604667917987598,1
chr1:248813114_G>A,0,0.2140985315220649,0
chr1:248856385_C>A,1,0.5737375890479792,1
chr1:248857373_C>T,1,0.5637846470435174,1
chr1:248917455_C>T,1,0.7387563321779107,1
chr1:25246502_C>T,1,0.4100518499528611,0
chr1:25246893_G>T,1,0.7781215019933095,1
chr1:25356831_C>T,1,0.7205053836936591,1
chr1:25983990_G>A,0,0.37728746484163533,0
chr1:25984079_G>T,1,0.3221807693750973,0
chr1:26269535_C>T,0,0.30329800698195225,0
chr1:26282871_G>A,0,0.4490325497447609,0
chr1:26285532_G>A,0,0.36128340459339586,0
chr1:26469054_C>T,1,0.8736231482477064,1
chr1:26850563_C>T,1,0.40583588991603736,0
chr1:26890022_G>C,0,0.7335272881084786,1
chr1:26891035_G>T,1,0.838599096635415,1
chr1:26900421_C>A,1,0.7834743050607025,1
chr1:27109630_G>A,0,0.38829049207250704,0
chr1:27350910_G>A,1,0.44381716585153586,0
chr1:27353455_C>T,1,0.8062672420643137,1
chr1:27358726_G>A,1,0.42369892671102416,0
chr1:27879688_G>T,0,0.634653157236143,1
chr1:27882835_G>A,0,0.5612473934283874,1
chr1:27885887_G>T,1,0.8287251503448427,1
chr1:27960077_G>A,1,0.7749301590524983,1
chr1:27966856_C>T,1,0.7934021961208071,1
chr1:28466396_C>T,1,0.3738598750654995,0
chr1:28987555_C>T,1,0.4366357466360027,0
chr1:28987678_C>T,0,0.31313533775036906,0
chr1:31337270_C>T,0,0.1320060820362823,0
chr1:31633196_C>T,0,0.18538836770564926,0
chr1:32154668_C>T,1,0.5335139466009885,1
chr1:32160660_C>T,0,0.2451749355374761,0
chr1:32170886_C>T,0,0.8711865157099604,1
chr1:32221982_C>T,1,0.5602131511608938,1
chr1:32275609_C>T,0,0.3356326704794745,0
chr1:32334608_G>A,1,0.7918912554849133,1
chr1:33181072_C>A,1,0.42965996748127133,0
chr1:33181346_G>C,1,0.7178153966755583,1
chr1:34987826_G>A,1,0.7933580526997898,1
chr1:3501183_G>A,0,0.6171616388137163,1
chr1:3515514_G>T,1,0.6205217800392329,1
chr1:35434989_G>A,1,0.8847321505939862,1
chr1:3595380_G>A,1,0.7512909552644369,1
chr1:3627519_C>T,0,0.3142533967740103,0
chr1:3631630_C>T,0,0.3442534953141928,0
chr1:3635238_G>T,0,0.3289657730318888,0
chr1:3635959_C>T,0,0.28379717887204714,0
chr1:36460695_G>A,0,0.11565768917067623,0
chr1:36462161_G>A,0,0.15256785954282062,0
chr1:36467587_A>T,1,0.49634928964610675,0
chr1:36468158_C>T,0,0.4253809474211379,0
chr1:36469738_C>T,1,0.38016894209513574,0
chr1:36472115_C>T,1,0.4120918406079614,0
chr1:36475398_G>A,1,0.4800127428243001,0
chr1:3649965_A>C,1,0.7236836701402103,1
chr1:37483543_C>T,1,0.8092985063584136,1
chr1:37575637_G>T,0,0.16013572141389484,0
chr1:37593844_G>A,0,0.558157653779118,1
chr1:37864363_G>A,1,0.3543598954313065,0
chr1:37868506_G>A,1,0.2641669178356325,0
chr1:37886992_G>A,0,0.2578608868802591,0
chr1:37889605_G>T,0,0.21485925447064136,0
chr1:3837408_G>A,0,0.2754713099413101,0
chr1:3839047_T>A,1,0.2589892769233119,0
chr1:3867985_C>T,0,0.273506728917059,0
chr1:3867997_A>T,0,0.28608034118538356,0
chr1:3869700_C>A,1,0.24069521453144538,0
chr1:39741398_G>T,1,0.16694329004261085,0
chr1:39847247_G>A,0,0.21265552050377529,0
chr1:39852801_T>A,1,0.18334061014631164,0
chr1:40281399_C>T,0,0.1450961027714209,0
chr1:40301301_G>A,1,0.7899024898595761,1
chr1:40301334_G>A,1,0.8171424900470357,1
chr1:40303568_G>A,0,0.5024877179254416,1
chr1:40307478_G>A,1,0.48597537960813214,0
chr1:40770748_C>T,1,0.753567579749719,1
chr1:42747302_C>T,1,0.8056268254258591,1
chr1:42773578_C>T,0,0.25273517188378847,0
chr1:42843042_C>A,1,0.7382556202790267,1
chr1:42843066_C>G,1,0.7340622764229615,1
chr1:43168965_G>A,0,0.10102150243778645,0
chr1:43169025_G>A,0,0.0795209106745489,0
chr1:43171966_G>A,0,0.46068697702380873,0
chr1:43424324_C>G,1,0.398829673263612,0
chr1:43425574_C>T,1,0.4733220127477356,0
chr1:43434453_C>T,0,0.38032023568519796,0
chr1:43438725_C>T,1,0.41839476051783625,0
chr1:43446384_C>T,0,0.45997659635372673,0
chr1:43448641_G>A,1,0.4531810938639777,0
chr1:43704302_C>T,1,0.8904917978514617,1
chr1:43967590_C>T,0,0.8848681825442836,1
chr1:43971624_G>A,0,0.3669073064622418,0
chr1:43971824_C>T,0,0.32411770199511514,0
chr1:43972498_C>T,1,0.8927617289532973,1
chr1:45008678_G>A,0,0.220559444069269,0
chr1:45013663_C>T,0,0.13466652977154916,0
chr1:45331835_G>A,0,0.5063624517356644,1
chr1:45332440_G>A,0,0.3995284694216567,0
chr1:45342435_C>T,0,0.29753678740458317,0
chr1:45345925_G>A,0,0.5660822192655648,1
chr1:45457661_G>T,0,0.611097155335966,1
chr1:45568979_C>T,0,0.3109573843343461,0
chr1:45620732_G>T,1,0.7758153976938517,1
chr1:45621066_C>T,0,0.4741403189761459,0
chr1:45623613_G>A,1,0.5473898747021118,1
chr1:45623643_G>A,1,0.5731132629967599,1
chr1:46034110_C>T,0,0.36995447392544034,0
chr1:46035122_C>T,1,0.8586167875018085,1
chr1:46035947_C>T,1,0.8728463301500797,1
chr1:46189901_G>A,0,0.22603037458888658,0
chr1:46192148_G>A,0,0.21925018126225318,0
chr1:46194603_C>T,0,0.14610708839275868,0
chr1:46413543_C>T,1,0.860924514007688,1
chr1:46716350_C>T,0,0.20233887036128292,0
chr1:47187405_C>T,0,0.41411966411177814,0
chr1:51406060_G>A,0,0.2702892569126864,0
chr1:51756323_C>T,0,0.15271945593131603,0
chr1:52024573_C>A,0,0.1020651531902871,0
chr1:52354907_G>A,0,0.4739374424956046,0
chr1:52359791_G>A,0,0.5046317907733526,1
chr1:52364554_G>A,1,0.6924353287951142,1
chr1:52414823_C>T,0,0.3603703795345563,0
chr1:52606759_C>T,1,0.24085329054135535,0
chr1:52606945_C>T,1,0.5941817025140537,1
chr1:52608302_C>A,1,0.7569574502146892,1
chr1:52899185_G>A,1,0.46296040598957494,0
chr1:53210044_C>T,0,0.40746270491215514,0
chr1:53210560_C>T,0,0.41061473922678693,0
chr1:53211043_A>T,0,0.3658107696537463,0
chr1:53796799_G>A,0,0.24316045246114196,0
chr1:53866268_G>A,0,0.21884952382526665,0
chr1:53958183_A>T,0,0.18706220913373725,0
chr1:53960426_C>T,0,0.17080183297748608,0
chr1:54205320_C>T,0,0.28549668052530625,0
chr1:54216261_A>T,0,0.32200477547013295,0
chr1:54227118_G>A,1,0.8292265845555645,1
chr1:54716627_T>A,1,0.48310178951656385,0
chr1:54728421_C>T,1,0.24993394294508148,0
chr1:54781524_C>A,0,0.8030244796777326,1
chr1:54787065_C>T,1,0.3623830275510952,0
chr1:55079639_G>A,0,0.3162398449538337,0
chr1:58481009_G>A,0,0.7643276813314673,1
chr1:58506062_G>A,0,0.5625439456919182,1
chr1:58539113_C>T,0,0.503045049248917,1
chr1:5863922_C>A,1,0.7736993835831922,1
chr1:5865152_G>A,0,0.6292716511236213,1
chr1:5865218_G>A,1,0.6324169203729507,1
chr1:5867887_G>A,0,0.5214234448593812,1
chr1:61683501_C>A,1,0.6376902297172385,1
chr1:62816583_A>T,0,0.49801783957981355,0
chr1:62819118_G>T,0,0.22583101298265157,0
chr1:62841503_C>T,1,0.5519443102238217,1
chr1:62841524_C>T,0,0.6055797579414195,1
chr1:62864118_C>T,1,0.7920350414011466,1
chr1:63593516_C>T,1,0.565670859348022,1
chr1:63629491_A>T,0,0.15134435611592562,0
chr1:63654362_C>T,0,0.16206606839395413,0
chr1:63654374_C>T,0,0.19267628838602355,0
chr1:6465106_G>A,1,0.4281781582228274,0
chr1:6589128_T>A,0,0.8982628902092222,1
chr1:6602427_G>A,0,0.7100661510364132,1
chr1:68153567_C>T,0,0.14556953701475228,0
chr1:70205536_G>T,0,0.6078183327796352,1
chr1:74199765_A>T,0,0.37579160315589,0
chr1:74204405_C>T,0,0.6796764503105652,1
chr1:74205110_A>T,1,0.7494555332867593,1
chr1:74710151_C>A,0,0.05902404439198109,0
chr1:74724749_G>A,0,0.3478420688696476,0
chr1:75787546_T>A,1,0.6596472743413672,1
chr1:75794630_C>T,1,0.8399275480811402,1
chr1:77206719_G>A,0,0.2594888623703933,0
chr1:7777175_C>T,0,0.3646621974440338,0
chr1:78650442_C>T,0,0.4208975164513962,0
chr1:78655072_C>T,1,0.23679410754050934,0
chr1:78655403_C>G,0,0.2653645000022456,0
chr1:84144397_T>G,1,0.6989920058619742,1
chr1:84482954_C>T,0,0.16479587452977554,0
chr1:84482993_G>T,0,0.09612801559705811,0
chr1:84570608_G>C,0,0.17465896476604204,0
chr1:84939678_T>A,0,0.2586859285847497,0
chr1:88786175_C>T,1,0.16979585563491123,0
chr1:88833442_G>A,1,0.8545262121190851,1
chr1:88964968_G>C,1,0.10306847739623148,0
chr1:88968678_G>A,0,0.12190351476552572,0
chr1:88988338_G>A,0,0.6003424806479793,1
chr1:89007748_A>T,1,0.7444372035135268,1
chr1:89009434_G>A,0,0.32717531522144233,0
chr1:89013419_G>A,0,0.2423035563494815,0
chr1:89053381_G>A,1,0.8080984311151655,1
chr1:89063177_G>A,1,0.7656395078213898,1
chr1:89112519_G>A,0,0.25960876507231545,0
chr1:89263747_T>A,0,0.24776503612646678,0
chr1:89268811_C>T,0,0.4890637646887296,0
chr1:89713963_C>T,0,0.7857068807451881,1
chr1:9038493_C>T,0,0.4449493284055009,0
chr1:90916878_C>A,1,0.7460752761002849,1
chr1:91508294_C>T,1,0.25597347855272023,0
chr1:91719345_C>T,0,0.3703197370721184,0
chr1:93869877_G>A,1,0.8325068864227326,1
chr1:93877714_G>T,0,0.5161504034605399,1
chr1:946473_G>A,0,0.33139983497643366,0
chr1:953805_T>A,0,0.16849604011729002,0
chr1:956149_G>A,0,0.2279354180393897,0
chr1:962433_A>T,0,0.46381343211489057,0
chr1:97305283_G>A,0,0.20485074312028378,0
chr1:97450101_C>T,0,0.14073878295083517,0
chr1:97828139_G>A,0,0.25884915550014215,0
chr1:9982368_G>A,1,0.7263377764663134,1
chr1:99861676_C>T,0,0.30994858518601837,0
chr1:99870764_C>T,0,0.20640601866949257,0
chr1:99881148_A>T,0,0.16950555245836246,0
chr1:99881329_G>A,0,0.15808374862379404,0
chr1:99913557_G>A,0,0.2330286076312229,0
chr20:1125516_A>T,0,0.3842063215900184,0
chr20:1551691_C>A,1,0.22132951315321164,0
chr20:1551730_C>A,1,0.23760180411937507,0
chr20:1551934_C>A,0,0.32267711094018464,0
chr20:1571031_C>T,0,0.2716178667919368,0
chr20:1571114_G>A,0,0.21167318067273044,0
chr20:1571723_G>A,0,0.21837791115178848,0
chr20:1619924_C>T,0,0.34505056382361016,0
chr20:1619925_C>T,0,0.3486962497994134,0
chr20:1635361_G>T,0,0.23082549324918383,0
chr20:1635409_C>T,0,0.21950039125518594,0
chr20:1636335_G>A,0,0.16328829189112576,0
chr20:1649115_G>A,0,0.12740743702088292,0
chr20:1649284_C>T,0,0.14710135491186782,0
chr20:17658626_T>A,1,0.42383701775625215,0
chr20:17659346_G>A,0,0.5862520294054552,1
chr20:17660345_G>A,1,0.7767152455989271,1
chr20:17970142_C>T,0,0.33308617117601275,0
chr20:18489886_G>A,0,0.7544321597213961,1
chr20:1937380_C>T,1,0.7810542110984071,1
chr20:20047879_G>A,0,0.133180905362563,0
chr20:20571516_G>T,0,0.24261959084586412,0
chr20:21136463_C>T,0,0.3583537664434919,0
chr20:21162048_C>T,0,0.24304908435685907,0
chr20:21348409_G>A,0,0.11002425161288634,0
chr20:23084261_G>T,1,0.8206710584917086,1
chr20:23084272_C>A,1,0.8501582571987083,1
chr20:23085286_G>A,0,0.5281558949406742,1
chr20:23085466_T>A,0,0.5208309630853412,1
chr20:23085629_G>T,0,0.49561524640020593,0
chr20:23086045_G>A,0,0.8000769448289188,1
chr20:23637754_C>A,0,0.41574659674032405,0
chr20:2483547_G>A,1,0.7742587528088775,1
chr20:2484086_G>T,1,0.7253164681204051,1
chr20:25300853_G>A,1,0.8538501459884332,1
chr20:25306886_C>T,0,0.18482287085829271,0
chr20:25309505_C>T,0,0.19691122258882676,0
chr20:25675214_G>A,0,0.851870941342031,1
chr20:25675553_G>A,1,0.8455315551426363,1
chr20:25675721_G>A,0,0.8318291316601497,1
chr20:25675889_G>A,1,0.8110464690187187,1
chr20:25676477_G>A,1,0.8006684470360621,1
chr20:25676561_G>A,0,0.8003867410577801,1
chr20:2654572_C>T,0,0.3680985866733568,0
chr20:2835481_G>T,1,0.7820248800534024,1
chr20:2862929_T>A,0,0.16789690363260876,0
chr20:289576_A>T,0,0.2950153473675219,0
chr20:3121690_G>A,1,0.5046099508570482,1
chr20:3200072_G>A,0,0.19514306788454389,0
chr20:3200359_G>A,0,0.15456097364400176,0
chr20:32083998_C>T,0,0.25026109068424707,0
chr20:32234530_C>T,1,0.8162230574736808,1
chr20:32434885_A>T,0,0.8433149521326152,1
chr20:32435036_T>A,0,0.8520184853830154,1
chr20:33366924_G>A,1,0.34722751386260886,0
chr20:33392218_C>T,1,0.22262872371434567,0
chr20:33396859_A>T,0,0.4813701005980464,0
chr20:33408787_G>A,0,0.3532943118280819,0
chr20:33659704_C>T,0,0.4658346799424484,0
chr20:33757313_C>T,1,0.40318548434481744,0
chr20:34078544_C>T,0,0.8639096960087862,1
chr20:34727289_G>A,0,0.6053931994975085,1
chr20:34750243_G>C,0,0.435441551191054,0
chr20:34913178_C>T,0,0.2119444792807857,0
chr20:34919442_G>A,1,0.18334384289100522,0
chr20:34921392_G>A,0,0.31174581982955124,0
chr20:35003151_C>A,1,0.8471422784115887,1
chr20:35123935_G>A,0,0.1458425772669416,0
chr20:35126323_C>T,0,0.17846461128314775,0
chr20:35134884_C>A,0,0.22957309282327265,0
chr20:35303953_G>T,1,0.9153487990726193,1
chr20:35304011_C>T,1,0.8896248405890238,1
chr20:35304021_C>A,0,0.8860387095607066,1
chr20:35347198_C>T,0,0.18915438968954368,0
chr20:35497827_C>T,0,0.5377543058192986,1
chr20:35504463_C>T,1,0.5780210121495543,1
chr20:35511381_C>T,1,0.7422296285435637,1
chr20:35548597_C>T,0,0.14172965270035626,0
chr20:36755720_G>A,1,0.2671229940009118,0
chr20:36771008_G>A,1,0.2641705681139179,0
chr20:37802973_C>T,0,0.21809232116257962,0
chr20:38012846_G>C,1,0.4369390738437246,0
chr20:38146841_G>C,0,0.21783169143648287,0
chr20:3822181_C>T,1,0.7450282143449128,1
chr20:38771733_A>T,1,0.7563731866414453,1
chr20:388014_C>T,1,0.7269509055598247,1
chr20:388110_C>T,1,0.6620360405626872,1
chr20:388116_C>T,1,0.6754681964756464,1
chr20:39001751_C>T,0,0.18738054287792222,0
chr20:39038532_C>T,0,0.870233246206204,1
chr20:391440_C>T,1,0.4756750212099321,0
chr20:41533240_G>A,0,0.6202301610330532,1
chr20:428992_C>A,1,0.5150226156490032,1
chr20:441955_G>T,1,0.3477034560544349,0
chr20:44484426_C>T,1,0.45046961432102434,0
chr20:44504821_G>C,0,0.18698570820517194,0
chr20:44509934_C>T,0,0.1964083810992595,0
chr20:44918928_C>T,1,0.3854578912542859,0
chr20:44956444_G>A,0,0.3330328522188368,0
chr20:44978561_C>T,0,0.2701979338722988,0
chr20:45253690_G>T,0,0.3584393554765338,0
chr20:45420648_C>T,0,0.2863181881110157,0
chr20:45801113_A>T,0,0.2977371537068171,0
chr20:45841854_G>C,1,0.8661302761667548,1
chr20:45857285_G>A,1,0.5805403410169996,1
chr20:45878527_C>T,0,0.7200113500674169,1
chr20:45899528_C>T,0,0.25128494632615594,0
chr20:45963781_G>A,1,0.45350549549673996,0
chr20:46011656_C>A,0,0.40256094755698957,0
chr20:46013725_G>A,0,0.4779595432053947,0
chr20:46014137_G>A,0,0.4552831797584657,0
chr20:46062315_G>T,1,0.8883706869686667,1
chr20:46350408_G>A,1,0.7759600028955166,1
chr20:47287237_C>A,0,0.3373952709100515,0
chr20:4857174_C>T,1,0.8269212485067164,1
chr20:487562_G>A,0,0.16796725298753598,0
chr20:49228810_C>T,1,0.21593212763334893,0
chr20:49243675_C>T,1,0.7536343048506526,1
chr20:49883911_C>T,1,0.3093438127698609,0
chr20:50876573_C>T,0,0.8359706483175129,1
chr20:5586218_G>A,0,0.23870079183664947,0
chr20:56366246_C>T,1,0.901898491906974,1
chr20:56524922_C>A,0,0.3530634387640844,0
chr20:57604589_C>T,1,0.6969021082248701,1
chr20:57614992_C>A,1,0.19573631413812892,0
chr20:57616406_G>A,0,0.5716109571105034,1
chr20:58676286_C>T,1,0.8911213510468368,1
chr20:58707144_C>T,0,0.30670943715465687,0
chr20:58714563_C>T,1,0.3708131354288197,0
chr20:59193183_C>T,1,0.4063396226830144,0
chr20:59193585_C>T,1,0.4293900762042113,0
chr20:59193892_G>A,1,0.45925882850240124,0
chr20:5938714_G>A,1,0.6972360246237406,1
chr20:62179203_C>T,1,0.8045886574329729,1
chr20:62284131_C>T,1,0.24814093774917045,0
chr20:62656635_C>T,0,0.7469012641027832,1
chr20:62957470_C>G,1,0.4028450483466835,0
chr20:63287610_C>T,1,0.7755784234674328,1
chr20:63561093_G>A,1,0.532448302508289,1
chr20:63562670_C>T,0,0.4545554008208898,0
chr20:63563818_G>C,0,0.41661284895912615,0
chr20:63564297_G>A,1,0.504696351171675,1
chr20:63689813_C>T,1,0.561699414875346,1
chr20:63691799_C>T,0,0.5764355065478536,1
chr20:63693211_C>T,0,0.678849772304752,1
chr20:63698294_G>T,1,0.8120664785951892,1
chr20:63708941_G>T,1,0.43018636042565056,0
chr20:63735215_C>T,0,0.5724021434413908,1
chr20:63869409_G>T,0,0.2440812218890442,0
chr20:63946194_C>T,1,0.24816029498924616,0
chr20:63959914_C>A,1,0.8004989888517561,1
chr20:63960031_G>A,1,0.7797225353550596,1
chr20:64027634_G>A,0,0.419635694700629,0
chr20:648800_G>A,1,0.8365125497323748,1
chr20:8010287_G>A,0,0.18775435091034398,0
chr21:14381238_C>A,0,0.33832916765159565,0
chr21:15864373_C>T,0,0.169703697321173,0
chr21:25592850_G>A,1,0.17621756029497118,0
chr21:25607434_C>T,1,0.7146901834144809,1
chr21:29327278_C>G,0,0.2558467521553436,0
chr21:29342702_C>T,1,0.8463039112783649,1
chr21:32495062_C>T,0,0.2918361894784777,0
chr21:33335547_C>T,1,0.734791822907291,1
chr21:33349236_G>T,1,0.23675777792164315,0
chr21:33352863_A>T,0,0.22009838905086704,0
chr21:36043921_G>T,1,0.30621217233318143,0
chr21:36045706_C>T,0,0.2955073401008161,0
chr21:36058849_G>A,1,0.6914514274239053,1
chr21:41376994_C>T,1,0.6445919144677791,1
chr21:41377813_C>T,0,0.39611616748746026,0
chr21:41397647_C>T,0,0.2363335824828746,0
chr21:41406870_C>T,0,0.28242930300673247,0
chr21:41439762_C>T,0,0.2891959335599329,0
chr21:41441010_G>T,0,0.29807054424465135,0
chr21:41446123_G>T,0,0.2777425954288987,0
chr21:42416585_C>T,0,0.2667754826377686,0
chr21:42442481_C>T,0,0.3359341299615954,0
chr21:42896987_G>T,1,0.5344020379058311,1
chr21:42903568_C>T,0,0.31506473765795456,0
chr21:42903811_C>T,1,0.32218525926361924,0
chr21:42904261_C>T,1,0.7604991939956025,1
chr21:43774297_G>A,1,0.8367214504823867,1
chr21:43774690_G>A,1,0.7330830729504966,1
chr21:43803643_C>T,1,0.8265526541316628,1
chr21:43803718_C>T,1,0.8383095612666849,1
chr21:44313642_C>T,0,0.28000550928952467,0
chr21:44316262_C>T,0,0.45867401368256,0
chr21:44366808_C>T,0,0.4626192542370573,0
chr21:44369290_G>T,1,0.5752077420663927,1
chr21:44382781_C>T,1,0.42945082080634045,0
chr21:44401839_G>A,0,0.551465240286517,1
chr21:44406634_G>A,0,0.39769389800445937,0
chr21:44406660_C>T,1,0.4422002917669063,0
chr21:44406705_C>T,0,0.495139065188265,0
chr21:44418500_C>T,0,0.5403296723784989,1
chr21:44439131_G>A,0,0.6056975340846817,1
chr21:46122881_C>T,1,0.4101004009302164,0
chr21:46235366_G>A,1,0.8254660658735307,1
chr21:46236923_A>C,1,0.46863385942891317,0
chr21:46273534_C>A,1,0.2187290014922767,0
chr21:46302018_C>T,1,0.8190980543627246,1
chr21:46302535_G>A,1,0.8197668270121506,1
chr21:46363552_C>T,1,0.32142201953118865,0
chr21:46390709_G>T,0,0.26057525728875613,0
chr21:46411468_A>T,1,0.34161228246564357,0
chr21:46431571_C>T,1,0.34615054068616724,0
chr21:46431919_C>T,1,0.38803452265592103,0
chr21:46443815_C>T,1,0.42852403832522684,0
chr21:46443821_C>T,1,0.42558499897906066,0
chr21:46444794_C>T,0,0.7374168162725719,1
chr22:17103518_C>T,0,0.5807150078194576,1
chr22:17109026_G>T,1,0.8970609294138354,1
chr22:17145107_G>A,0,0.24969389715069126,0
chr22:17149658_G>A,1,0.3630038451993193,0
chr22:17159128_G>A,0,0.5056441708891712,1
chr22:18083639_C>T,0,0.4037169277084881,0
chr22:19065000_G>T,0,0.5885119531222972,1
chr22:19434815_C>T,0,0.20213540137043187,0
chr22:19964219_A>T,0,0.15485370509334873,0
chr22:20043392_C>T,1,0.6130524454910148,1
chr22:20052581_C>T,0,0.2907815259066098,0
chr22:20114762_G>A,0,0.3867451392737656,0
chr22:20116075_G>A,0,0.4973478204457436,0
chr22:20116138_G>A,0,0.5224971850064338,1
chr22:20116392_C>T,1,0.10648122130339849,0
chr22:20319912_G>T,1,0.47611747266945537,0
chr22:20401318_C>T,0,0.42892665504117256,0
chr22:20406672_C>T,1,0.7969789433808653,1
chr22:20566650_C>T,0,0.4938490124570072,0
chr22:20765128_G>C,0,0.3589515555723099,0
chr22:20799245_G>A,1,0.32293332408466674,0
chr22:20803260_G>A,0,0.4023457508432959,0
chr22:20887825_C>T,1,0.8356097984747289,1
chr22:20977753_C>T,1,0.4161998092405624,0
chr22:21629604_G>A,1,0.3428091630291134,0
chr22:21684812_C>T,0,0.2438385701525862,0
chr22:21684827_G>T,0,0.23557080375933592,0
chr22:21703867_G>A,0,0.25365414131351066,0
chr22:21925607_C>T,1,0.7597852475963537,1
chr22:21933396_G>A,0,0.33571977505969697,0
chr22:22098982_T>A,0,0.13448623852059138,0
chr22:22195977_G>A,0,0.18439508005221153,0
chr22:22376308_C>T,0,0.17873678908940685,0
chr22:22410094_G>A,0,0.23237824994410827,0
chr22:22410254_C>T,0,0.38556044923377447,0
chr22:22668762_G>T,0,0.2521186742151441,0
chr22:22687169_C>T,0,0.2636489559118357,0
chr22:22698125_C>T,0,0.20871299488066297,0
chr22:22734788_G>A,0,0.09361244422613171,0
chr22:22758930_C>T,0,0.12514231252993394,0
chr22:22772470_C>T,0,0.3078231796027104,0
chr22:22812148_C>T,0,0.1711331728332221,0
chr22:22819645_C>T,0,0.17556736120870195,0
chr22:22893744_G>A,0,0.3262978700976888,0
chr22:23145388_G>A,0,0.7059109617301763,1
chr22:23160998_C>T,0,0.7133039729974238,1
chr22:23753052_G>A,1,0.6566675205198569,1
chr22:23766135_G>T,1,0.6054784138218591,1
chr22:23767514_G>A,0,0.259878377129104,0
chr22:24543891_G>C,1,0.6950107006943486,1
chr22:24588293_G>A,1,0.420410239119196,0
chr22:25704155_T>A,0,0.28772860590891997,0
chr22:26490044_G>T,0,0.2721047193156549,0
chr22:26510104_G>A,1,0.6701215925506412,1
chr22:28689149_G>A,1,0.621127469905294,1
chr22:28734439_G>A,0,0.3000936834829107,0
chr22:28757121_C>G,1,0.8309687318308251,1
chr22:28757150_T>A,1,0.7921128877755271,1
chr22:29260134_G>A,0,0.8554040407347919,1
chr22:29260442_C>T,1,0.43010197129962935,0
chr22:29260569_C>T,0,0.5282221670730691,1
chr22:29278128_C>T,0,0.21745801282343688,0
chr22:29331852_C>A,0,0.32968116038816314,0
chr22:29738433_G>A,0,0.3483788593720279,0
chr22:29748421_G>A,0,0.26600426430163876,0
chr22:29769707_T>A,1,0.7534367794273686,1
chr22:30022116_C>T,0,0.4937912374476093,0
chr22:30292599_G>A,1,0.8255546335120189,1
chr22:30292764_G>A,1,0.8320423510015293,1
chr22:30293975_G>A,1,0.4276013626790018,0
chr22:30386645_G>A,0,0.3358456651422555,0
chr22:30612886_G>T,0,0.22712693597107605,0
chr22:31267032_C>T,0,0.24646492173779871,0
chr22:31291061_G>A,0,0.3397529549087312,0
chr22:31528832_C>T,1,0.6280728209266575,1
chr22:31546939_G>A,0,0.5535001722041007,1
chr22:31546952_C>T,1,0.5119005485623401,1
chr22:31575242_C>T,0,0.552134491726859,1
chr22:31580323_C>T,1,0.4180329172398515,0
chr22:31604348_C>T,1,0.5586626552760445,1
chr22:31604874_C>G,0,0.5739817543015933,1
chr22:31604887_C>T,0,0.619526314658004,1
chr22:31604923_C>T,1,0.5844567710876715,1
chr22:31607970_C>T,1,0.5855077149898023,1
chr22:31611241_C>T,0,0.6000551655784122,1
chr22:31614820_C>T,1,0.6687109353186659,1
chr22:31685727_G>A,0,0.7660986608858843,1
chr22:31715641_A>C,0,0.42600945248950284,0
chr22:32392344_G>A,0,0.14542114003473158,0
chr22:35347096_C>T,1,0.9123769121740705,1
chr22:35386827_G>A,0,0.27023340199300566,0
chr22:35393536_C>T,1,0.8491838446895045,1
chr22:35413897_C>T,0,0.30446882326943253,0
chr22:35659538_G>A,1,0.8259110983871467,1
chr22:35659581_T>A,1,0.8339727646101691,1
chr22:36266022_C>T,1,0.8545407337392754,1
chr22:36296988_G>A,0,0.1719569794936246,0
chr22:36758374_G>T,1,0.8026642795169623,1
chr22:36762962_G>C,1,0.23712718963964205,0
chr22:36762975_G>A,1,0.21629760878453938,0
chr22:37011251_T>A,0,0.8543785228460843,1
chr22:37018594_C>A,0,0.4909537768175366,0
chr22:37139158_C>T,1,0.3702523730208842,0
chr22:37144104_C>T,1,0.605095894045881,1
chr22:37476965_C>T,0,0.25723689836258934,0
chr22:37807972_G>A,1,0.6491872976126277,1
chr22:37808160_G>T,0,0.4615261799793757,0
chr22:38112212_A>C,1,0.8595616190777781,1
chr22:38115658_G>A,1,0.46820925273265596,0
chr22:38143192_G>C,1,0.4209345599409156,0
chr22:38716731_C>T,0,0.298705278644813,0
chr22:38992434_C>T,0,0.6056412280271204,1
chr22:39025165_G>A,1,0.27341736825998336,0
chr22:39042950_C>T,1,0.6845161515436241,1
chr22:39042959_C>T,0,0.6941809564294423,1
chr22:39081155_C>T,0,0.3474885917257764,0
chr22:39081487_G>A,0,0.28669221576357556,0
chr22:39087069_G>A,0,0.3289164096580776,0
chr22:39102010_C>T,1,0.5373863935513957,1
chr22:39511945_C>T,1,0.6330231434878784,1
chr22:40365003_C>T,0,0.33578803055296774,0
chr22:40407798_C>T,1,0.1896496959861017,0
chr22:40409312_G>A,1,0.3696181884267074,0
chr22:40409371_C>T,1,0.38207388731920844,0
chr22:40886489_C>T,1,0.21939075947640668,0
chr22:41217172_C>A,0,0.2585141395912278,0
chr22:41356447_C>T,0,0.44796167336186776,0
chr22:41499861_C>T,0,0.3243600547994054,0
chr22:41577886_C>T,0,0.3201866401955673,0
chr22:41586163_G>A,0,0.4149568552295146,0
chr22:41604045_G>A,0,0.22174612496731866,0
chr22:41781822_C>T,1,0.4833095271673375,0
chr22:41784640_C>T,0,0.49616520192461705,0
chr22:41795540_C>T,0,0.4627928381537664,0
chr22:41825782_C>T,1,0.8145963904191164,1
chr22:42432246_G>A,1,0.450930623780236,0
chr22:42514131_C>T,1,0.8252666080549176,1
chr22:42595560_G>A,0,0.1842961298697945,0
chr22:42627674_G>A,0,0.18936257092080314,0
chr22:42799091_G>T,0,0.2940065020750004,0
chr22:42822277_C>A,0,0.28963147745028506,0
chr22:42840976_G>A,0,0.2900683627540691,0
chr22:43159336_G>A,0,0.35491842523937783,0
chr22:43161176_C>T,0,0.7139038070417816,1
chr22:43169512_C>T,0,0.4467819025402557,0
chr22:43172420_C>T,0,0.3895647977012785,0
chr22:43976164_C>G,0,0.18561976613019762,0
chr22:44206382_C>T,1,0.7067412886873873,1
chr22:44735084_C>T,0,0.4676549694614327,0
chr22:45332698_C>T,1,0.3478382136198183,0
chr22:45700299_C>T,0,0.12327313200425292,0
chr22:45718489_G>T,0,0.1590725956892975,0
chr22:46245238_C>A,0,0.7587782854668887,1
chr22:46275381_C>T,1,0.24622074826806456,0
chr22:46289436_C>T,0,0.330053687319399,0
chr22:46687175_G>A,1,0.8505890266584081,1
chr22:46793700_C>T,0,0.4920902224687994,0
chr22:49910507_C>T,0,0.368142529820953,0
chr22:49919305_G>T,0,0.21967433586567292,0
chr22:50197558_G>A,1,0.1841314948708796,0
chr22:50220292_C>T,1,0.5253348880412689,1
chr22:50224256_G>A,1,0.4091370436958144,0
chr22:50240214_G>A,1,0.47805661396687216,0
chr22:50243922_G>A,0,0.6135447373182913,1
chr22:50248709_G>A,1,0.5388507218705539,1
chr22:50463285_G>A,0,0.34608703427199716,0
chr22:50504647_C>T,1,0.23825979145813186,0
chr22:50505132_C>T,1,0.48241893448734063,0
chr22:50505231_C>T,1,0.29696214675385163,0
chr22:50525778_G>A,1,0.83994684649278,1
chr22:50577328_G>A,1,0.5284263189789047,1
chr22:50580198_A>T,0,0.25713404916679533,0
chr22:50582631_G>A,1,0.5085692123351382,1
chr22:50627044_G>T,0,0.4564501583109704,0
chr22:50627285_G>A,0,0.35553582941195694,0
chr2:100568955_T>A,1,0.20857400902356577,0
chr2:101036140_C>T,0,0.3558590999174427,0
chr2:101040360_C>A,0,0.3880160631924292,0
chr2:102009606_G>T,0,0.5717143890527218,1
chr2:102019809_A>T,0,0.269303307498746,0
chr2:102024655_G>T,1,0.32676175694368437,0
chr2:102384959_C>A,0,0.28426319250860194,0
chr2:102394513_C>T,0,0.2798563133295372,0
chr2:105038148_G>A,1,0.7309755223916994,1
chr2:105071355_C>T,0,0.15204931301403662,0
chr2:105097258_C>T,0,0.2625708271151215,0
chr2:108486625_C>T,0,0.2403493648478048,0
chr2:108487744_C>T,1,0.20364827579182618,0
chr2:108507625_C>T,1,0.8610616653284798,1
chr2:108680750_C>A,1,0.6787202299969954,1
chr2:112572603_C>T,0,0.3228971391062429,0
chr2:112586264_C>T,0,0.4004954883825893,0
chr2:112830531_G>A,1,0.8507949356036709,1
chr2:112831328_G>T,1,0.7246412555455065,1
chr2:113755482_C>A,0,0.5826667669268955,1
chr2:113942250_C>G,0,0.13189422469641068,0
chr2:118977476_C>T,0,0.3220433422734071,0
chr2:118993165_C>T,0,0.43963039818709115,0
chr2:119339863_G>A,1,0.3557225102819696,0
chr2:119368278_C>T,0,0.1105440399072914,0
chr2:120286040_C>A,0,0.17061046428016538,0
chr2:121727744_G>A,1,0.8301893679188521,1
chr2:121727873_G>A,1,0.8036632817072425,1
chr2:127271348_G>A,0,0.20544850559070504,0
chr2:127280620_G>A,0,0.2180752847212045,0
chr2:127289399_G>A,0,0.24307105547669045,0
chr2:127292756_G>A,0,0.356920142636657,0
chr2:128123241_C>T,0,0.20993374533936932,0
chr2:128171253_C>T,0,0.21402206003914176,0
chr2:128177859_G>T,0,0.1849949700677224,0
chr2:130345450_C>T,0,0.3504459949353018,0
chr2:130370072_C>T,0,0.4311217375978905,0
chr2:130373211_G>A,0,0.8304565418697712,1
chr2:131492244_G>A,0,0.3017054187091203,0
chr2:135052479_G>A,0,0.668992992817956,1
chr2:135857932_G>A,0,0.18943036242959546,0
chr2:135862617_G>A,0,0.1482226348033197,0
chr2:138002090_G>T,0,0.16350262938067828,0
chr2:138560808_C>T,1,0.18776323553488175,0
chr2:138569072_C>T,1,0.7770126558904158,1
chr2:142927668_T>G,0,0.1828663676076046,0
chr2:142956230_C>T,0,0.20742017237985624,0
chr2:142956235_T>A,0,0.21631873933956683,0
chr2:147935538_C>T,1,0.8562362464657718,1
chr2:147938163_T>A,1,0.6425222970609296,1
chr2:149575782_G>A,0,0.1574317272538664,0
chr2:149579632_C>T,0,0.22841817794385916,0
chr2:151270705_G>T,1,0.834096902150323,1
chr2:151370113_G>A,0,0.13727109853835054,0
chr2:15167190_C>T,1,0.7442404135560478,1
chr2:152126292_G>C,0,0.2892189410736917,0
chr2:152143898_A>T,0,0.17685251842049976,0
chr2:15292592_G>A,0,0.2272113169430829,0
chr2:15618241_C>T,0,0.10913079610889091,0
chr2:157415974_G>T,1,0.7531839603356754,1
chr2:157418550_G>A,1,0.6907506986002172,1
chr2:158603094_G>A,1,0.2296751185315629,0
chr2:159257785_G>A,0,0.14804891112878188,0
chr2:159831777_G>C,0,0.26058485333510145,0
chr2:159858447_C>T,0,0.2999587924381573,0
chr2:159879330_T>A,0,0.27481825096273743,0
chr2:162008602_A>T,0,0.18786731946372828,0
chr2:162344261_G>T,1,0.6818753751337678,1
chr2:162344266_C>A,1,0.7019228424271564,1
chr2:162359145_C>T,0,0.16558757622945627,0
chr2:165749747_G>A,1,0.7112397841397361,1
chr2:165770685_G>A,0,0.7330358532539333,1
chr2:165901865_G>A,0,0.15240956221910593,0
chr2:165907746_G>A,0,0.18271159649552948,0
chr2:169530622_G>A,0,0.7373916144481193,1
chr2:169531376_G>C,0,0.35357249907692057,0
chr2:169546532_G>A,1,0.2069902531612639,0
chr2:171448745_G>A,0,0.2859934625846807,0
chr2:171554638_G>A,0,0.8277103549926779,1
chr2:172564534_C>T,0,0.22920778158817215,0
chr2:172565019_C>T,1,0.27763502626417946,0
chr2:174380673_G>A,0,0.122738308593864,0
chr2:174459977_G>A,1,0.3659008575314992,0
chr2:174461637_G>A,1,0.2529848380608491,0
chr2:175074656_G>A,1,0.8392958011810961,1
chr2:176328383_G>T,1,0.07931982861257257,0
chr2:176329404_G>A,0,0.08450272975194718,0
chr2:176337623_C>T,1,0.8803996668759215,1
chr2:178118178_C>T,0,0.19751017226033413,0
chr2:178121221_C>T,0,0.15712270906893933,0
chr2:178121335_C>T,0,0.16072859400438655,0
chr2:179945201_G>C,1,0.8765328368398163,1
chr2:179945499_G>T,1,0.8425181577370852,1
chr2:182720035_T>A,0,0.28515646339222506,0
chr2:182732519_C>T,0,0.13836054701434455,0
chr2:18586355_G>A,0,0.2873650232146092,0
chr2:189474277_T>G,1,0.478625091505855,0
chr2:189563757_G>T,0,0.30197439689904215,0
chr2:189667028_T>A,0,0.3592265662490237,0
chr2:189667063_G>T,0,0.35301338422295747,0
chr2:189667526_G>A,0,0.25479294690273874,0
chr2:190213030_G>A,0,0.11888938919132065,0
chr2:190252269_G>A,0,0.10557711545838849,0
chr2:190687221_C>T,0,0.33118471620518086,0
chr2:191032962_G>T,0,0.23742327924216824,0
chr2:197460011_C>T,0,0.396477606403942,0
chr2:197462687_C>T,0,0.15186856497750403,0
chr2:197473772_C>T,1,0.7671520660374956,1
chr2:199956105_C>T,0,0.2985056150637457,0
chr2:200504800_A>T,0,0.22567862180169965,0
chr2:200855028_G>C,1,0.18107162650649597,0
chr2:200855076_C>T,0,0.16473879472579173,0
chr2:200861384_G>A,0,0.2672486434989695,0
chr2:200861852_G>C,1,0.775149153883478,1
chr2:200892235_C>T,0,0.2714709727456797,0
chr2:200892258_G>A,0,0.27342294126884903,0
chr2:200903574_C>T,1,0.8242517146674421,1
chr2:201085471_G>A,1,0.7979639182998178,1
chr2:201085526_G>T,1,0.7812554193760584,1
chr2:201185877_C>T,1,0.7594069973499601,1
chr2:201380692_G>A,1,0.8335380802919,1
chr2:201398153_G>A,1,0.22039862922952996,0
chr2:201399379_G>A,0,0.20086411223928444,0
chr2:201407478_G>A,0,0.3877916269188356,0
chr2:201474697_T>G,1,0.08953244818391536,0
chr2:201478366_C>T,0,0.1193535434540849,0
chr2:201478516_C>T,1,0.1255004551389987,0
chr2:202275158_G>T,1,0.478143873329396,0
chr2:203278686_C>T,0,0.1307080552053781,0
chr2:203289796_C>T,0,0.1884120570392877,0
chr2:20790349_G>C,1,0.3079219401523884,0
chr2:210437738_C>T,0,0.15811718969094962,0
chr2:215344797_C>T,0,0.14197532508152874,0
chr2:216049283_G>A,0,0.2424126130804079,0
chr2:216478216_G>T,0,0.3479961913433719,0
chr2:218279046_G>C,0,0.3328769710503387,0
chr2:218344541_C>T,0,0.751392440715853,1
chr2:218385257_C>A,0,0.4675662356779855,0
chr2:218386740_C>T,0,0.44509190283261113,0
chr2:218389873_C>T,1,0.4955521257176405,0
chr2:218391474_C>G,0,0.4717622082923367,0
chr2:218638725_G>A,1,0.8106375413152483,1
chr2:218642420_G>A,1,0.5527006912996131,1
chr2:218648746_G>A,0,0.4746621168149136,0
chr2:218656405_G>A,1,0.824614503763552,1
chr2:218661153_C>T,0,0.6314708501720131,1
chr2:218668107_G>A,0,0.3822040598370475,0
chr2:218675409_C>T,1,0.44217549329511147,0
chr2:218679989_C>T,1,0.4115645590984449,0
chr2:218739093_C>T,1,0.5555325089520741,1
chr2:218746208_C>T,0,0.4004551662996326,0
chr2:218747182_G>A,0,0.270816424729273,0
chr2:218747302_C>T,0,0.37834863099830207,0
chr2:218812250_C>T,0,0.32912697473940483,0
chr2:218812713_C>T,0,0.31966325726652534,0
chr2:218812965_C>T,0,0.28195526280233496,0
chr2:218815016_C>T,0,0.8250943820157812,1
chr2:219174883_A>T,0,0.24330212238435533,0
chr2:219209955_G>A,0,0.7908705524579481,1
chr2:219210231_G>A,1,0.7410594942310184,1
chr2:219212413_G>A,1,0.36145100200787206,0
chr2:219232615_C>T,0,0.3942586599857798,0
chr2:219233368_C>T,0,0.38144262915059,0
chr2:219233853_C>T,0,0.3685585572969912,0
chr2:219233904_C>T,0,0.3509307751307968,0
chr2:219234181_G>A,0,0.4125553215136641,0
chr2:219234239_C>A,1,0.39153302022206654,0
chr2:219234855_C>T,1,0.43913184514158415,0
chr2:219235008_C>T,1,0.3959301264901499,0
chr2:219235128_C>T,1,0.41704414244424015,0
chr2:219236094_C>T,1,0.8451999009792502,1
chr2:219284880_C>T,1,0.8860504646664465,1
chr2:219501903_C>T,0,0.33171537940920864,0
chr2:219505341_G>A,0,0.19756028013639743,0
chr2:219505492_C>T,0,0.24667586761085278,0
chr2:219505552_C>T,0,0.2076707662790384,0
chr2:219506356_C>T,1,0.27888225585170584,0
chr2:219506703_C>T,1,0.8392161062315655,1
chr2:219540600_G>A,1,0.8322736444165066,1
chr2:219605707_C>T,0,0.39897139905409246,0
chr2:219607113_C>T,0,0.4337591511409784,0
chr2:219613888_C>T,1,0.5698195334987205,1
chr2:219616131_G>T,1,0.7787592623262901,1
chr2:219616188_C>T,1,0.8194207304783909,1
chr2:222600043_A>C,0,0.3854280912469824,0
chr2:222623700_G>A,0,0.13188328506605,0
chr2:223957614_C>T,1,0.46968339087565825,0
chr2:224808071_G>T,0,0.22551461677882698,0
chr2:226914312_C>T,1,0.7349285101853608,1
chr2:227340295_C>T,0,0.12273868531485718,0
chr2:230213009_C>T,1,0.23880094204943916,0
chr2:230383569_C>T,0,0.21139829464459428,0
chr2:230390020_C>T,0,0.26651160708763283,0
chr2:230392215_C>T,0,0.31637806863138174,0
chr2:230461315_C>T,0,0.2532199603047436,0
chr2:230464132_C>T,0,0.24133741858060304,0
chr2:230873555_C>T,0,0.21345215805739898,0
chr2:231528483_G>A,1,0.49383097610318555,0
chr2:232334380_C>T,0,0.28215535967644595,0
chr2:232336592_G>T,1,0.8139141044227794,1
chr2:233449304_C>T,0,0.40748722569021534,0
chr2:233458362_C>T,0,0.4254151221871962,0
chr2:238263037_G>T,1,0.36789859453673346,0
chr2:240482229_T>A,1,0.5289343243736567,1
chr2:240499978_C>T,1,0.6170673722182761,1
chr2:240529428_G>A,0,0.5571686748110658,1
chr2:240592111_C>T,1,0.34277564324950677,0
chr2:240595064_G>A,0,0.4301221361024053,0
chr2:240596768_G>A,1,0.3805372752332341,0
chr2:240596813_C>A,1,0.4039945409839601,0
chr2:240598368_C>T,1,0.4442327064601489,0
chr2:24079488_G>A,0,0.7089047006394498,1
chr2:24079505_G>C,0,0.3031034278202867,0
chr2:24079594_C>T,0,0.28381894737533236,0
chr2:24082903_G>A,0,0.31495282447398043,0
chr2:241096430_G>C,0,0.8573761725589132,1
chr2:241097317_G>A,1,0.3604211629842358,0
chr2:241102255_G>A,1,0.8179065300554252,1
chr2:241112300_A>T,1,0.33366929542080864,0
chr2:241122815_G>A,1,0.38396839467828975,0
chr2:241126484_G>A,0,0.4064615013178809,0
chr2:24161591_G>T,1,0.2298706971015193,0
chr2:24203709_G>A,1,0.8797712309691341,1
chr2:24209965_G>T,0,0.31663694184572844,0
chr2:24299947_G>A,0,0.23680418037049503,0
chr2:24790425_G>A,1,0.8357802111113458,1
chr2:25244608_G>T,0,0.4118466622613026,0
chr2:25244623_G>C,0,0.41696429857655787,0
chr2:25246270_C>T,0,0.41729958712653564,0
chr2:26191264_T>A,1,0.8555805223012767,1
chr2:26234327_C>A,0,0.16087477881647413,0
chr2:26254462_C>T,0,0.3683234652846398,0
chr2:26283023_C>T,0,0.12989029221779583,0
chr2:27037592_C>T,0,0.43609255688775334,0
chr2:27097611_C>T,0,0.3391544317760179,0
chr2:271877_C>T,1,0.2538423943576811,0
chr2:27216530_T>A,0,0.232940482835439,0
chr2:27236758_C>T,1,0.396813310250477,0
chr2:27311901_G>C,0,0.7525258084355363,1
chr2:27312499_G>A,1,0.22687482335242773,0
chr2:27377642_C>T,1,0.8361351282462269,1
chr2:27638920_G>A,0,0.10348331989848153,0
chr2:27641258_T>A,0,0.1365285583660133,0
chr2:27668872_C>T,0,0.266877421319427,0
chr2:27677783_C>G,0,0.22806234572567544,0
chr2:27685193_C>T,0,0.5115607896736797,1
chr2:27781724_A>T,1,0.7980018578962724,1
chr2:28565337_C>T,0,0.45940795327387013,0
chr2:28618352_C>T,0,0.4341685124531137,0
chr2:28851108_C>A,1,0.24183695318532766,0
chr2:28851177_C>A,0,0.24387703394722937,0
chr2:28861294_G>A,0,0.12622059606886563,0
chr2:28869971_C>A,1,0.3155911149392399,0
chr2:29152726_C>T,1,0.23538746458681656,0
chr2:30912338_C>T,0,0.37942271028447666,0
chr2:30924226_G>A,0,0.3872655134952465,0
chr2:31260866_C>T,0,0.32457989273345217,0
chr2:31261615_A>T,0,0.31376730100751293,0
chr2:32024192_G>A,1,0.8548036054904076,1
chr2:32171305_C>T,1,0.6888713680454316,1
chr2:32238240_C>A,1,0.3764627536033474,0
chr2:32251413_G>A,0,0.37158447074635914,0
chr2:32758310_C>T,0,0.1631562369555327,0
chr2:32758348_C>A,0,0.21671184603367302,0
chr2:32820924_C>T,1,0.7991204481492601,1
chr2:3545795_G>T,1,0.7639354804283558,1
chr2:3550413_G>A,0,0.22318037494654383,0
chr2:36583418_G>A,0,0.14415255826803958,0
chr2:37037893_G>A,0,0.1973612989765811,0
chr2:37062020_G>A,0,0.23406727152917417,0
chr2:37228817_T>A,1,0.3713134372887955,0
chr2:37241701_C>T,0,0.2130372000126632,0
chr2:37243881_C>T,0,0.2011854727188816,0
chr2:37248279_C>T,1,0.859003040222114,1
chr2:37359709_C>T,0,0.11361237837133083,0
chr2:37359791_C>A,0,0.11274736390903757,0
chr2:37367306_G>A,0,0.1354818749399732,0
chr2:37367334_C>T,0,0.1370067610137243,0
chr2:38075218_C>T,1,0.6443665548620854,1
chr2:38296007_A>T,1,0.8168955386080496,1
chr2:38577509_G>A,0,0.15588863994710656,0
chr2:38675916_C>A,0,0.38200546034148797,0
chr2:38681354_C>A,0,0.19276833407057423,0
chr2:38863398_G>A,0,0.4745533956871657,0
chr2:39736754_G>T,1,0.8523692682169267,1
chr2:39769820_C>A,1,0.36614715443562834,0
chr2:40430265_G>A,0,0.5855423999965771,1
chr2:42767502_G>A,1,0.773745912688444,1
chr2:42783834_G>A,1,0.1769986153938748,0
chr2:43292130_C>T,0,0.5311716261856219,1
chr2:43556490_G>T,0,0.5731753861037198,1
chr2:43560299_C>A,0,0.4314081514369481,0
chr2:44339233_G>A,0,0.11381091082364067,0
chr2:44346303_G>A,0,0.5456958778938252,1
chr2:46580949_G>T,1,0.6439085192975621,1
chr2:47051829_C>T,0,0.4335627627422264,0
chr2:47482929_C>T,0,0.8456832716479121,1
chr2:47801086_C>T,0,0.32082245519698493,0
chr2:47806641_C>T,1,0.6380862397904581,1
chr2:48459793_G>T,1,0.2417342318206284,0
chr2:48459805_C>T,0,0.2266538543724119,0
chr2:48510081_A>T,1,0.19729896815972323,0
chr2:48514739_C>T,1,0.8339046859679955,1
chr2:53869415_G>A,1,0.2078875969879686,0
chr2:53887382_G>A,0,0.2720462527533971,0
chr2:53908364_G>A,0,0.16774782235560004,0
chr2:55236722_G>A,1,0.7732538014733015,1
chr2:55243581_G>A,0,0.15249013962518285,0
chr2:55252480_G>A,0,0.18184817789815902,0
chr2:55334375_C>A,0,0.16745533238333038,0
chr2:58123163_T>G,0,0.15283667231514644,0
chr2:58131859_G>A,0,0.17852516165914947,0
chr2:60971547_C>T,0,0.22234498311269257,0
chr2:61048675_C>T,1,0.7864399841734884,1
chr2:61868697_G>A,1,0.8898428135853401,1
chr2:63856341_C>T,1,0.5964564047026618,1
chr2:63890148_C>A,0,0.6819678083923907,1
chr2:63944636_G>T,1,0.14882228529249392,0
chr2:64552553_T>G,0,0.38126772675977877,0
chr2:6861364_G>T,0,0.4108809470834157,0
chr2:6877805_G>A,1,0.6796774680123449,1
chr2:6895795_T>A,0,0.8162538563914,1
chr2:69374072_G>A,1,0.6688501587288387,1
chr2:69820744_C>T,0,0.1931013386223164,0
chr2:69896476_C>T,0,0.22832210222702476,0
chr2:7014490_G>T,1,0.30296510452321124,0
chr2:70275053_C>T,1,0.21604968260797472,0
chr2:70276874_G>T,1,0.8432704758742964,1
chr2:71078338_C>T,1,0.7644911601235063,1
chr2:71124445_G>A,1,0.20926051448994185,0
chr2:71526295_C>T,0,0.4121799516013766,0
chr2:71539157_G>A,0,0.350956982483173,0
chr2:71570278_G>A,0,0.4540111829980747,0
chr2:71665187_C>T,0,0.5270455906298055,1
chr2:71679153_G>A,0,0.45955373472351946,0
chr2:72968509_G>A,1,0.4832487751635243,0
chr2:73080783_G>A,1,0.5318554842494009,1
chr2:73233137_C>T,1,0.7591178337123257,1
chr2:73847429_C>T,0,0.21625380400486743,0
chr2:73938962_G>A,0,0.16009970286870787,0
chr2:73939002_C>T,0,0.08903109784221394,0
chr2:74142310_C>A,0,0.6092740232347574,1
chr2:74423920_G>T,0,0.17121978477831978,0
chr2:74459932_C>T,1,0.22265539781874016,0
chr2:74481247_G>A,0,0.5274938606364667,1
chr2:74481262_G>A,0,0.5344071923480412,1
chr2:74481933_C>T,1,0.5533952817271495,1
chr2:74491540_G>A,1,0.35610584549121205,0
chr2:74492013_G>T,0,0.3410041667567625,0
chr2:74492344_C>T,0,0.4065905357896366,0
chr2:74493030_C>T,1,0.8328312313518292,1
chr2:74493090_C>T,1,0.8370098200602251,1
chr2:74527277_G>A,0,0.3702631360416509,0
chr2:74530250_C>T,1,0.5720012332520175,1
chr2:74531603_G>T,1,0.24667195887504687,0
chr2:74535719_G>A,0,0.45129930896797005,0
chr2:74867691_G>A,0,0.5791486111148617,1
chr2:75652167_C>T,0,0.13850147462402304,0
chr2:84832068_G>A,0,0.3191400273620021,0
chr2:84870450_G>C,1,0.2881248754468839,0
chr2:85362196_T>A,0,0.7086611741706624,1
chr2:85371107_C>T,1,0.29463978667733687,0
chr2:85371472_C>T,1,0.30242868564554587,0
chr2:85390927_C>T,1,0.8342148542768022,1
chr2:85554206_T>A,0,0.2279313852153344,0
chr2:85597469_C>T,1,0.8839896619395385,1
chr2:85647963_C>T,0,0.46885067568806976,0
chr2:85694429_G>A,0,0.7339335802919087,1
chr2:85695396_C>A,0,0.32440869376585824,0
chr2:86116585_C>A,0,0.29955579971007606,0
chr2:86118984_C>T,0,0.2336903986822095,0
chr2:86127236_C>T,1,0.3128674807545218,0
chr2:86127272_C>T,0,0.310580398618896,0
chr2:86144618_G>A,1,0.819538772535598,1
chr2:86166591_G>A,0,0.09842587447904755,0
chr2:86179542_C>T,1,0.3946389019900798,0
chr2:86207295_C>T,0,0.6903041580178343,1
chr2:86210606_C>T,1,0.8183029586461845,1
chr2:86612199_C>A,1,0.6092367635001317,1
chr2:86720674_C>T,1,0.8091611583573102,1
chr2:8798294_T>A,0,0.2489053680313912,0
chr2:88593368_C>T,0,0.20963480388121683,0
chr2:90100310_T>A,0,0.18592691575952225,0
chr2:9414226_G>A,0,0.382420225910479,0
chr2:9448252_C>T,0,0.1374159496665711,0
chr2:9472958_C>T,1,0.8312920024448968,1
chr2:95087572_G>A,1,0.7826690426259575,1
chr2:95117928_G>A,0,0.6096118050334278,1
chr2:95149815_G>A,0,0.8219956743954789,1
chr2:95149835_G>C,1,0.8292519802699596,1
chr2:96208308_G>A,0,0.6143933221954845,1
chr2:96267709_C>T,0,0.350802144078195,0
chr2:96326770_C>T,1,0.6086790803573275,1
chr2:96326821_C>T,0,0.6603670904245822,1
chr2:96328068_G>A,1,0.709898443521882,1
chr2:96707273_G>A,0,0.8567190776277248,1
chr2:96799188_C>T,0,0.41217170612471266,0
chr2:96829035_C>T,1,0.5266056586798603,1
chr2:96829062_G>T,0,0.5044026021940392,1
chr2:96840424_G>A,0,0.3435635310456147,0
chr2:96842400_C>A,0,0.46068969666156473,0
chr2:96854406_G>A,1,0.4770982126988025,0
chr2:96857967_G>T,1,0.8012037722747548,1
chr2:96860849_G>T,1,0.8227596017448721,1
chr2:9854362_C>T,0,0.2687425905700968,0
chr2:98555563_G>A,0,0.3705686531740649,0
chr2:98616235_C>T,0,0.1707103145529771,0
chr2:98678451_G>A,1,0.3514412562621462,0
chr2:9875912_C>T,0,0.2639548923238198,0
chr2:99171414_G>A,0,0.11594800978221925,0
chr2:99284473_G>A,1,0.8207568680933905,1
chr2:99292617_C>A,0,0.7992069662432079,1
chr2:9933976_C>T,0,0.792599530884751,1
chr3:100339201_T>A,0,0.24418305664095116,0
chr3:100355224_C>T,0,0.8270378708599959,1
chr3:10142001_G>T,1,0.5552942732995385,1
chr3:10149957_G>T,1,0.8504807234269035,1
chr3:101852177_C>T,1,0.5112245370496059,1
chr3:10238784_C>T,0,0.44925587410121365,0
chr3:105571931_G>T,1,0.7942553745050249,1
chr3:107710544_G>A,1,0.7347736177965905,1
chr3:108163720_C>A,1,0.1060124597816604,0
chr3:108830774_C>T,1,0.3123345622810448,0
chr3:111624356_C>T,0,0.422778368351813,0
chr3:111979096_G>A,1,0.7803469027421315,1
chr3:111979179_C>T,1,0.5126267777342502,1
chr3:111991452_C>T,1,0.7144903281144828,1
chr3:112991153_C>T,1,0.5645040457380828,1
chr3:112993053_G>T,0,0.23956582894810421,0
chr3:113005965_G>T,0,0.7261503309936694,1
chr3:113011339_C>A,0,0.2971382734742181,0
chr3:113584727_C>T,1,0.3757183487606793,0
chr3:113623448_C>A,1,0.3108565852962203,0
chr3:114065438_C>T,0,0.5011829380059972,1
chr3:114070653_C>T,0,0.3244455123348575,0
chr3:114295733_C>T,0,0.3197129868845764,0
chr3:114299620_C>T,0,0.3064128047065291,0
chr3:119226811_G>A,1,0.23217310305101552,0
chr3:119469032_G>A,1,0.786950108889446,1
chr3:119471337_C>T,0,0.22151117008710788,0
chr3:119477386_C>T,0,0.19444937822790614,0
chr3:119587602_G>A,0,0.7281206071941754,1
chr3:119587687_C>T,0,0.803769113995165,1
chr3:120601140_T>A,1,0.1309530068913878,0
chr3:120750730_C>T,1,0.48430954864139353,0
chr3:121657328_G>A,0,0.45615687226226975,0
chr3:121695239_G>A,0,0.31609455392212954,0
chr3:121781772_G>A,0,0.2010863248339582,0
chr3:121781808_C>A,0,0.17341196822589122,0
chr3:121828519_G>A,0,0.2672223350224098,0
chr3:121828523_A>C,0,0.2792590858864095,0
chr3:121828531_G>A,0,0.26453092507275844,0
chr3:121854721_C>G,0,0.15072347827445676,0
chr3:121911586_T>A,1,0.3930228504142843,0
chr3:121922823_C>T,1,0.28449119512051485,0
chr3:121922833_G>A,1,0.24799119377493353,0
chr3:121940963_C>T,1,0.8186566880989544,1
chr3:122341442_C>T,1,0.6681018278083974,1
chr3:122341462_T>A,1,0.5960154077008409,1
chr3:122404353_G>T,0,0.10167119423903079,0
chr3:122564505_G>T,1,0.8053498946681229,1
chr3:122569298_T>G,0,0.3532717613589588,0
chr3:122569820_C>A,0,0.28748993813795937,0
chr3:122577740_G>T,1,0.6799651306810871,1
chr3:122577761_A>T,1,0.6875993212806253,1
chr3:122615791_G>T,0,0.21969048388566828,0
chr3:122632190_C>T,1,0.23030435697672794,0
chr3:122635857_T>G,1,0.6597275358606802,1
chr3:122681019_C>T,1,0.6455685021582542,1
chr3:122703950_G>A,0,0.22622023695804763,0
chr3:122740443_G>A,0,0.7502989437257448,1
chr3:122740785_C>A,1,0.6482917067852892,1
chr3:122752652_C>T,1,0.17418275682421616,0
chr3:123130580_G>T,0,0.12245493276123671,0
chr3:124737642_G>T,1,0.3266605311474298,0
chr3:124743965_C>T,1,0.7844667353403648,1
chr3:124821459_G>A,0,0.20777586626857636,0
chr3:12582155_C>T,1,0.8775631814944916,1
chr3:126461668_G>T,1,0.532596565566598,1
chr3:12743945_G>A,1,0.2758717644966888,0
chr3:12749802_G>A,1,0.6335936624985788,1
chr3:127677531_C>T,0,0.29810141845427307,0
chr3:127677706_C>T,0,0.3116749545251043,0
chr3:127677730_C>T,0,0.3604722146934181,0
chr3:128650542_G>A,0,0.3708513983796282,0
chr3:128909043_C>T,0,0.23282446619609087,0
chr3:129091326_C>A,0,0.8497556676736044,1
chr3:12911680_G>A,1,0.4616077654630692,0
chr3:129265759_C>T,0,0.23602836091912352,0
chr3:12936278_G>T,1,0.624174328379894,1
chr3:129408835_G>T,1,0.3698850650885768,0
chr3:129411169_G>A,0,0.3953606044704963,0
chr3:12941582_G>A,1,0.5240847333196266,1
chr3:129431556_A>T,1,0.8250034064250391,1
chr3:129432533_G>T,1,0.7523476708261946,1
chr3:129436682_G>C,0,0.24222949898967674,0
chr3:129500006_C>A,0,0.27543009568581206,0
chr3:129506426_C>T,1,0.26876147469338224,0
chr3:130686344_A>T,0,0.23913480928593558,0
chr3:131014132_A>T,0,0.7475076270343812,1
chr3:131024834_G>C,0,0.44176397002736906,0
chr3:131025297_G>A,1,0.7537622663082367,1
chr3:132483479_G>A,0,0.2349552949963936,0
chr3:132513058_C>T,0,0.22770342025760762,0
chr3:132559072_G>A,1,0.8114430388206858,1
chr3:132576971_G>A,1,0.23548240700933412,0
chr3:132628341_G>A,1,0.2513856947361035,0
chr3:132644865_G>A,1,0.4568890350936617,0
chr3:132688664_G>C,0,0.19785337424117627,0
chr3:132697262_G>A,0,0.19643397530352075,0
chr3:132708202_G>A,0,0.2292745328500502,0
chr3:136256588_C>T,0,0.10595877468735677,0
chr3:14141706_C>T,1,0.8766072273575228,1
chr3:14148912_G>A,1,0.23298810735889378,0
chr3:14164887_G>A,0,0.31923402687092106,0
chr3:14181647_C>T,1,0.17927617964225548,0
chr3:141952923_A>T,1,0.6801872076273593,1
chr3:142172391_G>T,0,0.1505271021484952,0
chr3:142566229_G>A,1,0.32213209509263363,0
chr3:142838870_G>A,0,0.14937103763313592,0
chr3:143467185_G>A,0,0.28008868268050685,0
chr3:143493701_G>A,0,0.36048733164423724,0
chr3:143796888_C>A,0,0.3225228959696999,0
chr3:146521958_G>A,0,0.24557797346323007,0
chr3:148879845_C>T,0,0.1832625785651716,0
chr3:148896591_C>T,0,0.756478241680757,1
chr3:148996807_G>A,0,0.14032456069334795,0
chr3:149076017_G>A,0,0.22404000231379795,0
chr3:149158844_G>T,0,0.2093963469512136,0
chr3:15059381_G>A,1,0.24601473023858056,0
chr3:151328552_C>T,1,0.7287473927266768,1
chr3:15212207_C>G,0,0.3172286432708774,0
chr3:15227900_C>T,0,0.1370076052636689,0
chr3:15240593_C>T,0,0.12322121832857236,0
chr3:15241516_C>G,1,0.17243604562668274,0
chr3:15458197_G>A,1,0.3916391167982461,0
chr3:155144383_C>T,0,0.15065406402621406,0
chr3:15564587_C>T,0,0.27523614226665466,0
chr3:15571727_C>A,0,0.1696175042008041,0
chr3:15573206_T>A,1,0.1499533656873985,0
chr3:158123876_C>T,0,0.16058863332485693,0
chr3:158123915_C>T,0,0.15691190971762875,0
chr3:158203163_C>T,0,0.18793297652778118,0
chr3:158644703_G>A,1,0.6540447934336657,1
chr3:158653319_C>T,0,0.16304536629053834,0
chr3:158666361_C>T,0,0.1452044954994585,0
chr3:158805458_C>T,0,0.08269143419904362,0
chr3:158805473_C>T,0,0.08417151671640034,0
chr3:158822121_G>A,0,0.09692466295053177,0
chr3:160413476_T>G,0,0.2306383606193421,0
chr3:160431146_G>T,0,0.193872059245197,0
chr3:161250827_C>T,1,0.8786125356823838,1
chr3:16260781_C>A,1,0.8208491722479958,1
chr3:16286378_G>T,1,0.22941899136320493,0
chr3:16317067_G>A,1,0.7841352119919617,1
chr3:16323380_G>T,1,0.6134749350062481,1
chr3:16357944_C>T,0,0.23613894454702786,0
chr3:16370152_C>T,0,0.24322860019389206,0
chr3:170361166_C>T,1,0.25057100681033756,0
chr3:170866493_T>A,1,0.8303786533876486,1
chr3:171603209_G>A,1,0.7834491765653571,1
chr3:172506618_A>C,1,0.78909794690943,1
chr3:172514898_C>T,0,0.27838532047303444,0
chr3:179067713_G>A,1,0.7709815601066463,1
chr3:179229330_C>T,0,0.2638115209095517,0
chr3:179365121_A>T,0,0.14500068668077054,0
chr3:179602670_G>A,0,0.1968543427631525,0
chr3:179615991_C>A,0,0.215722373240589,0
chr3:180604970_G>T,0,0.1237950327809157,0
chr3:180988089_G>C,1,0.3088782864784927,0
chr3:183045422_C>T,0,0.12065963760729881,0
chr3:183508180_A>C,0,0.20420342533282365,0
chr3:183508414_G>T,0,0.262728053140254,0
chr3:183867999_G>A,0,0.2486685949185419,0
chr3:183951561_G>A,0,0.26073211278635083,0
chr3:184242831_C>T,1,0.814019471187117,1
chr3:184886152_C>T,1,0.2862084535601201,0
chr3:185048515_C>T,1,0.7330380328053058,1
chr3:186786047_C>A,0,0.202431427139456,0
chr3:187043069_C>A,1,0.49698821294521284,0
chr3:188872731_C>T,1,0.8181286819502405,1
chr3:190648571_A>T,1,0.778793954902348,1
chr3:194660105_G>A,0,0.20584484614110904,0
chr3:195069841_C>T,1,0.8512495390557799,1
chr3:195294764_C>A,0,0.24501265331696243,0
chr3:196052025_G>A,0,0.8850596074071463,1
chr3:196233128_C>T,1,0.7645602320367914,1
chr3:196239618_G>A,1,0.21068229171161934,0
chr3:196554758_A>T,0,0.5869780998034422,1
chr3:196707874_G>A,0,0.6875588914410424,1
chr3:197695925_G>A,0,0.2916486014646828,0
chr3:197695943_G>A,1,0.3125085216669909,0
chr3:197866165_C>T,0,0.33800464238938943,0
chr3:20119646_C>G,1,0.13316451858310732,0
chr3:25732339_G>A,0,0.14795314033299678,0
chr3:25733931_T>A,0,0.17465138011201364,0
chr3:28324375_G>T,1,0.7649519168524141,1
chr3:28340428_T>A,1,0.3024363428107575,0
chr3:3129167_G>T,1,0.3714013708711926,0
chr3:3148083_C>T,1,0.7576485136257217,1
chr3:32526861_G>A,1,0.8562477027453478,1
chr3:33018556_A>T,0,0.17439797243802355,0
chr3:33051762_C>T,0,0.1413314830968843,0
chr3:37053859_G>A,1,0.8478332531111353,1
chr3:37091530_A>T,0,0.1758983682709952,0
chr3:37094796_A>T,0,0.15416903266400814,0
chr3:37094899_G>A,0,0.2186019994357172,0
chr3:37299369_A>T,0,0.22557162071817818,0
chr3:37329061_C>T,1,0.3557983399300022,0
chr3:38001570_C>T,1,0.42273666736530335,0
chr3:38001708_C>T,1,0.5247406949292206,1
chr3:38004286_C>T,1,0.47323782725272023,0
chr3:38005970_G>A,0,0.5071745497427429,1
chr3:38006570_C>A,0,0.667268774079561,1
chr3:38011612_C>A,0,0.38594437274073584,0
chr3:38011654_G>A,0,0.36794724591282557,0
chr3:38084203_C>T,0,0.333957749651616,0
chr3:38107609_C>T,0,0.40372881240253866,0
chr3:38121757_C>T,1,0.5115708026708493,1
chr3:38133971_G>A,0,0.20175724498050865,0
chr3:42531833_G>A,0,0.3757090946575512,0
chr3:42568949_C>T,1,0.6411489910052235,1
chr3:42619025_A>T,0,0.5601260621728025,1
chr3:42638381_C>T,1,0.32386812969026746,0
chr3:44945244_G>A,0,0.21700595340272513,0
chr3:44959379_G>A,1,0.6403483873781021,1
chr3:45005370_C>T,1,0.17758043224453104,0
chr3:46439462_C>T,0,0.30519956281352584,0
chr3:46449995_G>A,0,0.3150691475097502,0
chr3:46450548_G>A,0,0.3300132219393169,0
chr3:46455973_G>A,0,0.37154017134631573,0
chr3:46456290_G>A,0,0.39617939297243593,0
chr3:47163906_G>A,1,0.8281939606916201,1
chr3:47510222_G>A,0,0.40043127357982033,0
chr3:47678298_G>A,0,0.1821653463577498,0
chr3:48241203_G>A,1,0.8082763450235311,1
chr3:48247656_G>A,1,0.7992458912062503,1
chr3:48268454_C>T,1,0.7311621449246386,1
chr3:48268622_C>T,1,0.7807937746740699,1
chr3:48296739_G>A,1,0.29666239206930844,0
chr3:48296787_G>A,1,0.33016535987191753,0
chr3:48440438_C>T,0,0.2749114099178307,0
chr3:48454352_T>G,0,0.37051655312385773,0
chr3:48469737_G>A,1,0.30987711812660296,0
chr3:48479219_G>T,0,0.36098236207883955,0
chr3:48525589_G>T,0,0.41992194994328674,0
chr3:48535541_G>A,0,0.3656165381515363,0
chr3:48539747_G>A,0,0.3424657131658836,0
chr3:48550151_G>A,0,0.6161881170624349,1
chr3:48604321_G>A,0,0.18004446224643575,0
chr3:48628481_G>A,1,0.3675080641128615,0
chr3:48631782_C>T,1,0.31821090567051225,0
chr3:48631984_G>A,0,0.359045141296001,0
chr3:48752208_G>C,0,0.736242391772554,1
chr3:48892069_G>A,1,0.418340675248804,0
chr3:49002531_G>A,0,0.35931810370045814,0
chr3:49002532_G>A,0,0.35523949402550226,0
chr3:49013365_C>T,0,0.4388033730516941,0
chr3:49076966_T>A,0,0.647936233237198,1
chr3:49271431_G>A,1,0.7769836734346949,1
chr3:49276853_C>T,1,0.7273217741607122,1
chr3:49339924_C>T,1,0.44504972655388814,0
chr3:49413110_G>A,0,0.6587460440094934,1
chr3:49683097_C>T,1,0.6786861964612265,1
chr3:49684379_G>A,1,0.5632078848514684,1
chr3:49684400_G>A,0,0.5239970413278293,1
chr3:49701584_G>A,1,0.37137045064931484,0
chr3:49727280_G>A,1,0.8152865959072848,1
chr3:49807741_G>A,0,0.5891974168645957,1
chr3:50318192_C>T,1,0.8502333105726892,1
chr3:50572125_C>T,0,0.29103160647895004,0
chr3:50608095_G>A,1,0.8189050321331699,1
chr3:5188017_G>A,0,0.5505816947511185,1
chr3:51936517_G>A,1,0.31406363483352506,0
chr3:51938149_G>A,0,0.40249940686570956,0
chr3:51945582_C>T,1,0.2068517231027624,0
chr3:51945859_C>T,0,0.2055300109806866,0
chr3:51946178_C>T,0,0.1839205339150664,0
chr3:51948319_C>T,1,0.8644490932796846,1
chr3:51959969_G>A,0,0.2815346010502088,0
chr3:51971622_G>A,1,0.6646914357858237,1
chr3:51977970_G>T,0,0.3688910581009096,0
chr3:51993793_G>A,1,0.7819181983636065,1
chr3:52202557_C>T,0,0.3722496349514335,0
chr3:52222680_G>A,1,0.7610232426803578,1
chr3:52231207_G>A,0,0.28794350146290054,0
chr3:52322488_C>T,1,0.6743841495012121,1
chr3:52361672_G>A,1,0.4009031917933404,0
chr3:52379962_C>T,1,0.6037684452397339,1
chr3:52383518_C>T,0,0.5060223590601344,1
chr3:52398121_T>G,1,0.5247561554422182,1
chr3:52399145_C>T,1,0.560593348868941,1
chr3:52399700_G>A,1,0.598395256017675,1
chr3:52404500_A>C,1,0.17513622679393323,0
chr3:52422765_G>A,0,0.2576661155733278,0
chr3:52491417_C>T,1,0.5325371003048515,1
chr3:52501753_G>T,1,0.6027415028498,1
chr3:52503106_C>T,0,0.7147520529718269,1
chr3:52505020_C>G,0,0.5314511849403462,1
chr3:52505033_C>T,0,0.5954224280101973,1
chr3:52510492_T>G,1,0.5470347439189421,1
chr3:52517992_C>T,1,0.5972127400094779,1
chr3:52519377_G>A,1,0.6815171485799296,1
chr3:52519526_C>T,1,0.6505168017896575,1
chr3:52523871_C>T,0,0.6507934631208756,1
chr3:52523979_C>T,1,0.6898484528626073,1
chr3:52524134_G>A,1,0.6782383989823493,1
chr3:52690632_T>G,0,0.3856674086192099,0
chr3:52706156_C>A,0,0.48342661550065247,0
chr3:52752312_C>A,0,0.238262085644152,0
chr3:52752315_G>A,0,0.26544788876973546,0
chr3:53103961_G>T,0,0.31185272952624493,0
chr3:53121726_C>T,0,0.2524407785450056,0
chr3:53871475_G>A,0,0.2980587880882061,0
chr3:56567039_G>A,0,0.1689296526543883,0
chr3:56594005_C>T,0,0.17790033708780267,0
chr3:56617258_C>T,0,0.37284604839099794,0
chr3:56619279_C>G,1,0.37051397891035187,0
chr3:56621541_C>T,1,0.8012438565895545,1
chr3:56621595_G>T,1,0.8139724564410733,1
chr3:57248323_C>T,0,0.15541850803848942,0
chr3:57559314_C>G,0,0.4399016123298356,0
chr3:58130905_C>T,0,0.31771628342040836,0
chr3:58424868_C>T,1,0.8614143804470983,1
chr3:58431897_G>A,0,0.25061477915843416,0
chr3:59752315_T>A,1,0.5621618591643197,1
chr3:66381485_T>A,0,0.46445561744349523,0
chr3:66382336_G>A,0,0.3279365636151531,0
chr3:69026051_G>C,0,0.2178627152450856,0
chr3:69080137_T>A,0,0.7106096548151732,1
chr3:69080338_C>A,0,0.7589191992034507,1
chr3:69193696_G>A,0,0.27693180419285823,0
chr3:71693902_C>A,0,0.09725757403290518,0
chr3:71693930_C>T,0,0.11317330862314322,0
chr3:81577973_G>A,0,0.11089342540334518,0
chr3:87240728_C>T,1,0.5436861005490857,1
chr3:88156585_C>T,1,0.7752025594378745,1
chr3:9371107_G>A,0,0.3106350060013722,0
chr3:9374582_C>T,0,0.20670382785950897,0
chr3:9384623_C>T,1,0.8888907331102495,1
chr3:9687863_G>T,0,0.23706993314510272,0
chr3:9751021_C>T,0,0.3588371206413371,0
chr3:9751081_G>T,0,0.31872714680718867,0
chr3:9754775_C>T,0,0.28504238514595953,0
chr3:9754814_C>T,0,0.25756655120682853,0
chr3:9787032_G>A,0,0.15769800900024483,0
chr3:97949985_G>A,0,0.4229794790674475,0
chr3:9813265_G>T,1,0.4231107052080873,0
chr3:9817680_G>A,1,0.3339230375582007,0
chr3:9834807_C>T,1,0.8803434035169063,1
chr3:98773931_C>T,0,0.21684299779246222,0
chr3:98788056_T>A,0,0.1961485730262117,0
chr3:98788094_C>T,0,0.18178583403228427,0
chr3:98788191_G>A,0,0.1877246159357241,0
chr3:9928340_C>T,1,0.5440036059869935,1
chr3:9940912_C>T,1,0.19980669434009626,0
chr4:1002747_G>A,1,0.4914765209614098,0
chr4:101855076_C>T,0,0.2618142450917315,0
chr4:102025362_C>T,0,0.24094886987712785,0
chr4:1025338_T>G,1,0.9027312528899775,1
chr4:105234104_G>A,1,0.6288780515870613,1
chr4:105236814_C>T,0,0.4073770905886126,0
chr4:105269655_G>T,0,0.2514784481833027,0
chr4:105386568_G>T,1,0.16849833966325337,0
chr4:105386590_C>A,0,0.14392830822901784,0
chr4:107644907_C>T,0,0.07445611707959704,0
chr4:107656928_A>T,0,0.07522012471231994,0
chr4:107693851_G>A,0,0.09995776719358311,0
chr4:109660266_C>T,1,0.20190415988579835,0
chr4:109684521_C>T,0,0.1491849312696301,0
chr4:109684641_C>T,0,0.18800345345886152,0
chr4:109685340_C>A,1,0.6898401400511202,1
chr4:113500481_C>A,0,0.2468885440381016,0
chr4:1170480_G>A,0,0.48966219251503046,0
chr4:1171456_C>T,0,0.4624675012556076,0
chr4:118752043_C>A,0,0.1815522100725401,0
chr4:121670001_G>A,0,0.1303654942074729,0
chr4:121684733_G>A,0,0.2737184530931912,0
chr4:121804718_C>T,0,0.16720556792792768,0
chr4:121809995_C>T,0,0.19141797816845382,0
chr4:129109608_C>T,0,0.14149466754667758,0
chr4:13570055_G>A,1,0.8402708652077777,1
chr4:1383771_C>T,0,0.3554724229749462,0
chr4:139295120_G>A,0,0.3151657472856052,0
chr4:139704029_C>T,1,0.8160987629575662,1
chr4:140525495_C>T,0,0.591136500188462,1
chr4:140662005_A>C,0,0.2694737310090021,0
chr4:143997551_G>A,0,0.60844593269893,1
chr4:147939847_C>A,0,0.1768797059973126,0
chr4:148063161_C>T,0,0.3697025331271912,0
chr4:148063237_C>A,1,0.378907687772417,0
chr4:152652826_C>A,1,0.6641830956807028,1
chr4:152880969_C>T,0,0.2218546727691964,0
chr4:152963128_C>T,1,0.2858197256794648,0
chr4:153710374_C>A,1,0.7844637529017633,1
chr4:15707623_G>A,0,0.1916348120405358,0
chr4:15707628_C>T,0,0.2157579792482067,0
chr4:15715770_G>A,0,0.26204617367910626,0
chr4:15778595_G>T,0,0.25713224168313303,0
chr4:15778610_C>T,0,0.22983232881803387,0
chr4:158685158_G>A,0,0.13015180018346573,0
chr4:158703540_G>T,0,0.13362199851262901,0
chr4:158719183_G>C,0,0.1053101812329908,0
chr4:158904530_C>T,1,0.8508985386353003,1
chr4:168224263_G>A,0,0.44835810988158886,0
chr4:168255748_G>A,0,0.3070657685449251,0
chr4:168280411_A>T,1,0.30471816046747535,0
chr4:168280510_C>T,0,0.3279957375095736,0
chr4:168306627_G>A,0,0.5782419214761287,1
chr4:169737681_G>A,0,0.14143063830954655,0
chr4:1718301_G>T,1,0.4207611009038257,0
chr4:1728537_C>T,1,0.3809713407026912,0
chr4:173318546_G>A,0,0.6414142414162627,1
chr4:174495607_G>A,0,0.09009542720198965,0
chr4:17619961_C>T,0,0.2761778404782209,0
chr4:17621628_C>T,0,0.18324661071531842,0
chr4:17621673_C>T,1,0.6146039057377266,1
chr4:182915525_C>T,1,0.5643850682011395,1
chr4:183680204_C>G,1,0.18775105544513887,0
chr4:183684796_C>T,0,0.20006993320816766,0
chr4:184629292_C>A,1,0.8708291926316348,1
chr4:184657183_C>T,1,0.5575471467338543,1
chr4:185403578_C>T,0,0.1888023609736764,0
chr4:185408354_G>A,0,0.1034307615363831,0
chr4:2339541_G>A,0,0.38748171646195884,0
chr4:24835007_G>T,0,0.2537813446613645,0
chr4:25835222_G>A,0,0.20673297140270075,0
chr4:2831572_C>T,1,0.5127756371018571,1
chr4:2931659_G>A,0,0.4019442275116883,0
chr4:2939249_G>A,0,0.24723563681172886,0
chr4:2939636_G>A,0,0.3400847338954773,0
chr4:2946483_G>A,0,0.2468838342945257,0
chr4:36147702_A>T,0,0.2648341717391053,0
chr4:36210682_G>A,0,0.34443211503526144,0
chr4:37830024_C>T,0,0.31133068807144776,0
chr4:37830069_C>T,0,0.2963641207219317,0
chr4:37834690_C>T,0,0.15567171915285563,0
chr4:39086665_C>T,0,0.15503537437357626,0
chr4:39289898_G>A,0,0.7388622061201846,1
chr4:39514154_G>A,0,0.4283405096691894,0
chr4:40808810_C>G,1,0.8314959982602154,1
chr4:40808928_C>T,0,0.820434081553462,1
chr4:4240405_C>T,0,0.20303198973955433,0
chr4:42581669_C>T,0,0.2142178750871721,0
chr4:4268603_C>T,0,0.2093463904641193,0
chr4:4315954_C>G,1,0.5955254864358016,1
chr4:4321206_C>T,1,0.8354633766598838,1
chr4:4425204_G>A,0,0.20279150900161486,0
chr4:4459447_G>A,0,0.1858955619380713,0
chr4:47453082_G>A,1,0.7819673867524082,1
chr4:47512769_C>T,0,0.49889391062058475,0
chr4:47536803_C>T,1,0.2625302045484402,0
chr4:47875215_G>A,1,0.2587218820464358,0
chr4:47899455_C>T,0,0.21887894697621774,0
chr4:48073940_G>C,0,0.2489107524483331,0
chr4:48086562_A>T,1,0.25956462775942335,0
chr4:48095216_C>A,0,0.27454964233820955,0
chr4:48104933_T>A,0,0.24595067241814694,0
chr4:48112482_G>A,1,0.46216476677649093,0
chr4:48382756_C>T,0,0.21771426628252127,0
chr4:48505614_C>T,1,0.3504345014135566,0
chr4:48564029_C>T,1,0.3674983974958099,0
chr4:48850052_C>A,0,0.13054581253949413,0
chr4:48850063_C>T,0,0.14195965020041887,0
chr4:48850066_C>T,0,0.13983135644015138,0
chr4:48851853_C>G,0,0.12049408727883244,0
chr4:48892830_T>A,0,0.13961091285329413,0
chr4:52874043_G>A,0,0.8087648597896916,1
chr4:55367628_G>A,0,0.19559022399228684,0
chr4:55870788_T>G,0,0.1464105866551278,0
chr4:55878006_T>G,0,0.13959651566117295,0
chr4:55965689_C>T,0,0.2507325731771723,0
chr4:56011496_C>T,1,0.30617322675353487,0
chr4:56019551_A>T,0,0.38481349750453775,0
chr4:56349622_G>C,0,0.2670510097594564,0
chr4:56453738_G>A,1,0.628883369025584,1
chr4:56973326_G>T,0,0.30498296842167144,0
chr4:6593344_G>A,0,0.4271630433991975,0
chr4:6605160_C>T,0,0.40597431902170866,0
chr4:6619989_G>A,0,0.5985873065660658,1
chr4:664208_A>T,0,0.3072837106211876,0
chr4:67492228_G>A,0,0.3648046190866198,0
chr4:67558855_C>T,1,0.4966867594088286,0
chr4:67668602_G>A,0,0.19408225500605913,0
chr4:6861994_C>T,0,0.24577844725555453,0
chr4:69749736_C>T,0,0.18985369684664397,0
chr4:7001164_C>T,0,0.22540995173603562,0
chr4:7030384_C>T,1,0.787612326264781,1
chr4:7054632_G>T,1,0.8255306584443444,1
chr4:70998148_G>A,0,0.254457310181293,0
chr4:73741568_G>T,1,0.41651636557271277,0
chr4:75491915_G>A,0,0.1622401361657077,0
chr4:75955986_G>A,1,0.7726773140193011,1
chr4:75957678_C>A,0,0.24034298270551246,0
chr4:75975816_A>T,0,0.16631927462317805,0
chr4:76163353_G>A,0,0.28310332163744456,0
chr4:76181016_G>A,0,0.17584678311080404,0
chr4:76309467_A>T,0,0.6503592381702658,1
chr4:78573189_C>T,1,0.5552331074638562,1
chr4:78604307_C>T,0,0.17816883650345416,0
chr4:78604349_C>T,0,0.614694494339687,1
chr4:80036023_G>A,0,0.23240735742174415,0
chr4:8225216_G>T,0,0.5746017864364785,1
chr4:8227024_C>T,1,0.6388861912101312,1
chr4:8237661_C>A,0,0.763075754535591,1
chr4:82842149_G>A,0,0.23391213396631622,0
chr4:83094735_G>T,1,0.7079217955798536,1
chr4:83295496_G>A,1,0.8114340069020569,1
chr4:83322222_G>A,0,0.21012681113332732,0
chr4:83421576_A>C,1,0.2363928544465659,0
chr4:83456120_A>T,1,0.6360239101453353,1
chr4:83581612_C>T,0,0.19578302399629355,0
chr4:83588265_C>T,0,0.18337407959158564,0
chr4:83598117_C>T,0,0.24762946329922994,0
chr4:8397110_G>A,0,0.37083787506025007,0
chr4:8414375_C>A,0,0.39349909254265086,0
chr4:87195390_C>T,1,0.6123590343789673,1
chr4:87313916_G>C,0,0.23743812333437728,0
chr4:87317092_C>T,0,0.19637260778364074,0
chr4:87337332_G>A,1,0.8259905902151957,1
chr4:87340545_C>A,0,0.16213679512079615,0
chr4:87441880_G>A,0,0.14435682918659182,0
chr4:87457971_C>T,1,0.8678009842804122,1
chr4:88038323_C>T,0,0.19199358465327782,0
chr4:88390720_C>T,0,0.3461471533559756,0
chr4:88396869_T>A,0,0.2330351052093933,0
chr4:88439934_T>A,0,0.33350990783698553,0
chr4:88442452_C>T,1,0.8281399146344407,1
chr4:88494183_A>T,0,0.22068025117614046,0
chr4:950421_C>T,1,0.5422433246772003,1
chr4:958428_G>T,1,0.8565368877733315,1
chr4:958473_C>T,1,0.8345465077210388,1
chr4:962852_C>T,0,0.5115602610836136,1
chr4:967269_C>T,1,0.4660024136538596,0
chr4:99061276_C>T,1,0.8435018695617118,1
chr4:99868159_C>T,1,0.7174033618448177,1
chr4:99885643_G>A,0,0.2813056823375176,0
chr5:100562070_C>T,0,0.3257586206306596,0
chr5:102263737_A>C,0,0.27490235608196906,0
chr5:102913948_C>T,0,0.23036171207796066,0
chr5:102961202_C>T,0,0.1581611353625616,0
chr5:103149224_C>T,0,0.12441576828134318,0
chr5:103158294_T>A,0,0.13266341082159197,0
chr5:103180093_C>T,0,0.1718282583418552,0
chr5:10448263_T>A,0,0.29025052261120987,0
chr5:10448312_G>T,0,0.3276427125139763,0
chr5:10461299_T>G,0,0.279239934450004,0
chr5:111097093_C>T,1,0.25162830253560753,0
chr5:111394738_C>T,0,0.2602412709494922,0
chr5:111484463_C>G,1,0.8081646281399981,1
chr5:111499957_G>A,1,0.8054832434937859,1
chr5:112838389_C>A,1,0.7521458006654568,1
chr5:116092581_C>T,0,0.12221462286095207,0
chr5:123350035_G>A,1,0.3210537041423032,0
chr5:123364528_G>A,0,0.36443004610614266,0
chr5:123377409_G>A,0,0.2718509839641466,0
chr5:126603645_C>T,1,0.4291887754317783,0
chr5:126604125_C>T,0,0.25631738385133135,0
chr5:127539046_C>T,0,0.2167493326067866,0
chr5:131430970_G>A,1,0.37609564224276787,0
chr5:132313712_T>A,1,0.24276143493100566,0
chr5:132327296_C>T,1,0.3012719485966018,0
chr5:132579363_C>T,0,0.27915828504428053,0
chr5:132594950_C>G,0,0.20158298777192116,0
chr5:132595686_C>T,0,0.15606240241771552,0
chr5:132595719_C>T,0,0.17022250252147056,0
chr5:132616063_G>T,0,0.1972596971327872,0
chr5:132618182_C>T,0,0.2850601289591982,0
chr5:132638197_C>T,0,0.29360241497710626,0
chr5:133959978_G>C,0,0.4266958919554715,0
chr5:134661340_C>T,0,0.4132507500913619,0
chr5:134893556_G>A,0,0.21204381280345674,0
chr5:134899591_T>G,1,0.8462695579742382,1
chr5:136056759_C>T,0,0.226056664192622,0
chr5:136062681_C>T,1,0.41776095017947956,0
chr5:136174458_C>A,1,0.19122699418641265,0
chr5:138201407_C>A,0,0.17243784895880265,0
chr5:138345496_C>T,0,0.3551512615614604,0
chr5:138571075_G>A,1,0.16619355801218452,0
chr5:138930653_C>T,0,0.10900595066837622,0
chr5:140549075_C>T,1,0.7554524366796008,1
chr5:140551145_G>A,0,0.24698557697562204,0
chr5:140558785_G>A,1,0.8478116281905195,1
chr5:140562379_G>A,1,0.29837315134557585,0
chr5:140563783_C>T,1,0.4835372911584842,0
chr5:140632785_C>A,1,0.7660398899161928,1
chr5:140641970_G>T,1,0.25617975944072785,0
chr5:140642640_C>T,1,0.25416444407926697,0
chr5:140642962_C>T,0,0.2800754687365621,0
chr5:140652128_C>T,0,0.23916686568041418,0
chr5:140654519_C>T,0,0.16730781431098007,0
chr5:140662306_G>T,1,0.898663202549893,1
chr5:140668304_C>T,0,0.26999195219621175,0
chr5:140669451_C>T,1,0.7807681390662229,1
chr5:140695579_G>A,0,0.22312040919981774,0
chr5:141644317_C>T,1,0.4157102891866251,0
chr5:141645824_G>A,1,0.32294141525459896,0
chr5:141646182_G>A,1,0.38778308708723097,0
chr5:141648078_G>A,0,0.3183844372108171,0
chr5:141649013_G>A,0,0.32860097008441275,0
chr5:141672589_G>A,1,0.35102347342150436,0
chr5:141973604_C>T,1,0.6919971529235798,1
chr5:141980231_C>T,0,0.2853868380419991,0
chr5:141983397_C>T,0,0.27031298083229355,0
chr5:148406364_C>T,0,0.26846025201033796,0
chr5:148427239_C>T,1,0.33996778765228663,0
chr5:149349699_C>T,0,0.6782373668998565,1
chr5:149364053_G>T,1,0.37927172338654713,0
chr5:149368322_C>T,1,0.8303030778385201,1
chr5:149368504_C>G,0,0.7911891998399083,1
chr5:150731459_G>A,0,0.22270500390601716,0
chr5:151183553_G>A,0,0.8588844299947112,1
chr5:151186046_G>A,0,0.164187148446309,0
chr5:151187391_G>A,0,0.1995100761540082,0
chr5:151205451_G>A,0,0.5506599518183901,1
chr5:154027328_G>A,0,0.16178132663133998,0
chr5:154376336_C>T,1,0.3227202074423155,0
chr5:154455909_C>T,1,0.754570110011138,1
chr5:154821356_C>T,0,0.3109782206103369,0
chr5:154830827_G>A,1,0.2660241379690654,0
chr5:157208925_C>T,1,0.5248727214864083,1
chr5:157480984_G>A,1,0.7469740992767719,1
chr5:157497066_G>T,1,0.3722667773289136,0
chr5:157509461_G>A,1,0.338585313630266,0
chr5:160010598_C>T,0,0.6673162346283457,1
chr5:160064964_C>T,1,0.880737484313588,1
chr5:163442400_G>A,1,0.7644117301708198,1
chr5:16451755_G>A,1,0.8645896528347117,1
chr5:169711938_G>A,1,0.6831615257240521,1
chr5:170042046_C>T,0,0.2957649869442296,0
chr5:170082826_C>T,1,0.7392382420514036,1
chr5:172055686_G>A,0,0.4051351329493694,0
chr5:172061157_T>A,0,0.3207098025634051,0
chr5:172909758_G>T,1,0.2078768198347182,0
chr5:175492146_C>T,1,0.6195076829565027,1
chr5:176313757_C>T,0,0.4043741007115035,0
chr5:176384280_C>T,1,0.8841627341775198,1
chr5:176388308_G>T,0,0.37667269181808216,0
chr5:176397939_G>A,0,0.12113567381533173,0
chr5:176647643_G>T,1,0.7714488839840392,1
chr5:176654929_G>A,1,0.2595951916381795,0
chr5:176657639_C>T,1,0.8717143605227682,1
chr5:176881442_G>T,1,0.5016671635999916,1
chr5:176881510_G>A,0,0.5204658370171616,1
chr5:176884089_C>A,0,0.49837028964461716,0
chr5:176887335_G>A,0,0.4134299404527801,0
chr5:176887687_A>C,0,0.46602300157608306,0
chr5:176970783_C>A,0,0.22353952153174264,0
chr5:177294800_C>T,1,0.9232438231512181,1
chr5:177334371_G>A,0,0.20908754491030423,0
chr5:177368840_C>T,0,0.42675999970608186,0
chr5:177372020_C>A,1,0.8169712535846921,1
chr5:177372028_C>T,1,0.8188756867615247,1
chr5:177436144_G>T,0,0.3082998993110797,0
chr5:177468143_G>A,0,0.36687933933200884,0
chr5:177604525_C>T,1,0.2852471523834674,0
chr5:178142660_C>T,0,0.38184339622001434,0
chr5:178143681_C>T,1,0.2992537374584473,0
chr5:178213006_G>A,0,0.8041020225776297,1
chr5:178231486_T>A,1,0.46783900032230574,0
chr5:180236389_G>A,1,0.8919395742248887,1
chr5:180911584_C>T,0,0.20593986877278087,0
chr5:205755_G>A,1,0.7992277745825145,1
chr5:223509_C>T,0,0.7191303788349677,1
chr5:224432_C>T,1,0.3925351317400375,0
chr5:240396_G>T,0,0.22874357624964056,0
chr5:31410824_G>A,1,0.1814666762410246,0
chr5:32395199_G>A,0,0.19609073600425875,0
chr5:34911711_G>A,0,0.2991625839249985,0
chr5:35871142_C>T,1,0.2874841708348702,0
chr5:35871210_G>A,0,0.25503827937466955,0
chr5:35873558_C>T,0,0.2784256394846996,0
chr5:35873593_G>A,1,0.28620596291389394,0
chr5:37605227_C>T,0,0.11993326960628217,0
chr5:40841599_C>T,1,0.5983633743749416,1
chr5:40843654_T>G,1,0.37730844183357487,0
chr5:40852269_C>T,1,0.8081939549577287,1
chr5:40852338_C>T,1,0.7999132648733697,1
chr5:40853011_T>G,1,0.7958877308008349,1
chr5:43655881_C>T,0,0.12798177793126478,0
chr5:44809470_G>T,0,0.5130016581366112,1
chr5:44815050_A>T,1,0.7929080404602487,1
chr5:50399278_G>A,1,0.8311441467673427,1
chr5:50399908_G>T,0,0.7116807511943811,1
chr5:50402308_C>A,0,0.23951910620612607,0
chr5:52801061_C>T,1,0.3089153018140098,0
chr5:54519489_C>T,0,0.4465446036695216,0
chr5:5463188_T>A,0,0.2759573754401374,0
chr5:55024680_G>T,0,0.5528029728662318,1
chr5:55031462_G>A,0,0.24511099673291856,0
chr5:55031532_C>T,0,0.22444546158065196,0
chr5:55108341_G>T,0,0.2326590064185507,0
chr5:55108371_C>T,1,0.6228567867321634,1
chr5:55110151_G>A,1,0.6819598887926129,1
chr5:56111562_G>A,1,0.28440812041052294,0
chr5:56159844_G>A,1,0.23192416119168208,0
chr5:61073136_C>T,0,0.19817950875100965,0
chr5:64785511_C>T,0,0.13913158998106212,0
chr5:65576933_C>T,0,0.14996018437573239,0
chr5:65583047_C>T,1,0.1446423759094422,0
chr5:65591828_C>A,1,0.8084500552582286,1
chr5:6600096_T>A,1,0.8595535586773911,1
chr5:6605385_G>T,0,0.17578579743688022,0
chr5:6611050_C>T,0,0.2382632860798913,0
chr5:6617960_G>A,0,0.17866833765931034,0
chr5:6620131_G>A,0,0.1730697637249814,0
chr5:6625613_G>T,0,0.2520964917769442,0
chr5:6633601_G>T,1,0.5607474776489444,1
chr5:67183070_C>T,1,0.7528547320967691,1
chr5:67183831_G>A,1,0.8555153419980287,1
chr5:68273995_C>T,0,0.18286969743740175,0
chr5:69123281_G>A,0,0.1773183254408373,0
chr5:69202927_G>A,0,0.13090369857276832,0
chr5:69352165_C>A,0,0.7867921347259557,1
chr5:69355947_A>T,1,0.27799930994868705,0
chr5:72226113_G>A,0,0.18947884749133242,0
chr5:72228359_C>A,0,0.14826505528288558,0
chr5:73056067_G>T,0,0.2190412537950853,0
chr5:73498788_C>T,0,0.28701820046428306,0
chr5:73561196_G>A,1,0.11115452802613882,0
chr5:73562707_G>A,1,0.2129140419456631,0
chr5:73562746_G>A,1,0.3025748449484249,0
chr5:74685406_C>A,1,0.46470268491358563,0
chr5:74696733_T>G,0,0.08433909362657498,0
chr5:74697076_T>G,0,0.08035950200123813,0
chr5:74715598_C>G,0,0.08084940950084774,0
chr5:74738584_G>A,0,0.13867924512348556,0
chr5:74745778_G>C,0,0.15392191915879513,0
chr5:74751449_G>A,0,0.17703884241628343,0
chr5:75581250_C>T,0,0.31620229297481994,0
chr5:75597764_C>T,0,0.39849616129802434,0
chr5:76570598_C>T,1,0.1838457235497588,0
chr5:76654215_C>T,0,0.14129683714147362,0
chr5:76733040_C>G,1,0.7738612060025135,1
chr5:76832914_C>T,1,0.6831248594428065,1
chr5:76833691_C>T,1,0.7904371386755389,1
chr5:76875477_C>T,1,0.5354683655651554,1
chr5:77436379_C>T,0,0.16155046306380696,0
chr5:78020716_C>A,1,0.2599002985708642,0
chr5:78128053_G>A,0,0.19655837778277932,0
chr5:78488941_G>A,0,0.800547546721695,1
chr5:7866889_G>A,0,0.3470984945378854,0
chr5:7895749_C>T,1,0.32112965260259296,0
chr5:80255913_G>A,0,0.6633813533548614,1
chr5:80501871_G>A,0,0.3225600212456374,0
chr5:80519762_G>A,1,0.11239895706181259,0
chr5:80670157_C>T,1,0.2460741780173115,0
chr5:80725540_T>A,0,0.21583228591642706,0
chr5:80768929_C>T,1,0.2643125998621192,0
chr5:80787583_T>G,0,0.20592869020691681,0
chr5:83195935_C>T,0,0.33667117069326125,0
chr5:83203662_T>G,0,0.3379580280791008,0
chr5:83203697_A>T,0,0.34818989242179144,0
chr5:83540098_G>A,0,0.37016637700427335,0
chr5:87408062_C>A,0,0.1559796824706333,0
chr5:94678907_C>T,0,0.25691121782149123,0
chr5:94694908_G>T,1,0.8629965451992075,1
chr5:95816620_G>A,1,0.7753786324966053,1
chr5:95822594_G>T,1,0.5219253188039099,1
chr5:96781113_C>A,0,0.2859699437404966,0
chr5:96784035_G>C,0,0.1775067530968419,0
chr5:96785798_G>A,0,0.14205873323802212,0
chr5:96786541_C>T,0,0.13352036369096296,0
chr5:96803770_G>A,0,0.5188848122323653,1
chr5:96880068_C>A,1,0.3741623165913809,0
chr5:96896798_C>T,0,0.27183094720981765,0
chr5:96902283_G>A,0,0.23348477725041275,0
chr5:96913405_C>T,1,0.3352437380706766,0
chr5:96917477_G>T,0,0.7997540696264701,1
chr5:96917495_G>T,0,0.7957680971246663,1
chr6:100510077_G>A,0,0.3172267728763236,0
chr6:100589735_G>A,1,0.21921540642804696,0
chr6:100652799_G>A,0,0.15727460058360995,0
chr6:100800406_G>A,0,0.16847131663520828,0
chr6:107154774_G>A,1,0.7833226843548656,1
chr6:10751204_C>T,0,0.20707112004955755,0
chr6:10751224_G>A,0,0.2080808846976146,0
chr6:10796060_G>A,1,0.3020346172961643,0
chr6:108049375_G>C,0,0.16799460815391662,0
chr6:109441564_C>T,1,0.3967935482517465,0
chr6:109443601_G>A,1,0.7921728683436091,1
chr6:109445523_G>A,1,0.4624809587669799,0
chr6:109452381_G>A,1,0.2714204097414041,0
chr6:109735199_C>T,0,0.08197382400368183,0
chr6:109760253_C>T,0,0.09115765108210996,0
chr6:109791494_G>T,0,0.13621256333484844,0
chr6:110219745_C>T,0,0.22620583120808754,0
chr6:110230103_G>A,1,0.8474979320462135,1
chr6:110456627_A>T,0,0.24307801760751754,0
chr6:110960468_G>T,0,0.11019438140511692,0
chr6:111567646_C>T,0,0.3350763215531273,0
chr6:11190943_G>C,1,0.3685731863237762,0
chr6:112076462_C>A,0,0.14265111527016158,0
chr6:118815387_G>A,1,0.7917655700380208,1
chr6:118828115_G>C,1,0.2379072363002908,0
chr6:118922056_G>A,1,0.2665748180794491,0
chr6:119248348_G>A,0,0.1356435326389934,0
chr6:122796966_C>T,0,0.10250990609432366,0
chr6:122803678_C>T,0,0.130379938703838,0
chr6:122805078_C>G,0,0.15107022570554152,0
chr6:122806290_T>A,0,0.17362345787367198,0
chr6:125966974_A>T,1,0.15180440349773663,0
chr6:127330992_C>A,1,0.67850397483391,1
chr6:130176001_C>T,0,0.1341488904311456,0
chr6:130184610_G>A,0,0.17188388905684976,0
chr6:131593051_G>C,0,0.25694116896136265,0
chr6:131596058_G>A,1,0.18619432359505173,0
chr6:132683231_C>T,1,0.7969348418513164,1
chr6:132751385_C>T,0,0.20007909176241553,0
chr6:132770299_G>A,1,0.851375916859206,1
chr6:13584138_C>T,1,0.7314367877298082,1
chr6:13588345_C>T,0,0.44176473307067005,0
chr6:136614279_G>A,0,0.15866668172742154,0
chr6:136866718_G>A,0,0.12819773151223107,0
chr6:136898213_T>A,0,0.7133542918532674,1
chr6:138405181_A>T,0,0.33381432259199784,0
chr6:138413038_G>A,1,0.8909472293106735,1
chr6:138779875_C>G,0,0.18757688586299207,0
chr6:139042820_C>T,1,0.8335668841112561,1
chr6:143333291_G>A,0,0.17879587145580145,0
chr6:143333442_A>T,1,0.622897870236365,1
chr6:143497497_C>T,0,0.12159589499057845,0
chr6:143507416_C>T,1,0.15541981524204537,0
chr6:143844558_C>T,0,0.5467725152666072,1
chr6:143846069_C>T,0,0.4741038421921833,0
chr6:143863098_C>T,0,0.2413062065679777,0
chr6:143863420_C>T,1,0.873870647246667,1
chr6:144488789_C>A,0,0.3517110569270722,0
chr6:149505593_G>A,1,0.8075014134108185,1
chr6:149512293_G>T,0,0.10670920584723513,0
chr6:149597166_G>A,0,0.1816847216901147,0
chr6:149598290_G>A,0,0.1637990139938612,0
chr6:149604775_G>T,0,0.15806806529744008,0
chr6:149632763_G>A,0,0.22687637726407553,0
chr6:149731660_C>T,0,0.6953476228542088,1
chr6:149736516_G>A,0,0.11960601285067442,0
chr6:151458544_C>T,0,0.1655356192859426,0
chr6:151469018_C>T,1,0.7822461615220881,1
chr6:152130775_G>A,1,0.35865432099040745,0
chr6:152149542_G>A,0,0.4154002460760861,0
chr6:152164254_C>T,1,0.38842657208436765,0
chr6:152991239_G>T,1,0.1479235346562083,0
chr6:154168027_G>A,0,0.20244956756167115,0
chr6:15533243_G>A,0,0.2238259929392373,0
chr6:15627391_G>A,0,0.31129906854481837,0
chr6:158017259_C>A,0,0.6820421275250976,1
chr6:158063837_C>T,0,0.4437404331478471,0
chr6:158083486_C>T,1,0.519601130258048,1
chr6:158644684_C>A,1,0.5379609530527445,1
chr6:158682965_C>T,1,0.3250360043618313,0
chr6:158787171_C>T,0,0.4613973480098164,0
chr6:159778186_G>A,0,0.0879222198764001,0
chr6:159797291_C>T,1,0.24560751356846236,0
chr6:160043201_A>T,0,0.2621735923387176,0
chr6:16254674_C>G,0,0.1379883264499474,0
chr6:169705223_G>A,0,0.1917995133208256,0
chr6:169717895_G>A,0,0.14259927716448656,0
chr6:170580040_G>A,0,0.24003190962455095,0
chr6:17764129_C>T,0,0.902601035012501,1
chr6:17778997_G>A,1,0.29488006718390614,0
chr6:18130730_G>A,1,0.8730278677026944,1
chr6:18143670_C>A,0,0.07822831330994857,0
chr6:18399684_C>A,1,0.6145181744488347,1
chr6:20109668_G>A,1,0.23402035090721848,0
chr6:20118502_C>A,0,0.12782895054595203,0
chr6:20548624_C>T,1,0.3166499770398918,0
chr6:24423021_C>T,1,0.6798964541370267,1
chr6:24658586_G>A,0,0.15179332053193303,0
chr6:24780699_C>T,1,0.6635540236639711,1
chr6:25969403_C>T,0,0.4086065262940635,0
chr6:26388048_C>T,1,0.4222047252997139,0
chr6:26392671_C>T,1,0.7075215975366881,1
chr6:26409634_C>T,1,0.2462296618029236,0
chr6:26444061_G>T,1,0.5713604270373315,1
chr6:26444205_C>T,0,0.41295516822033146,0
chr6:26445783_G>A,0,0.46531836562649254,0
chr6:26445786_C>A,0,0.4423639621011245,0
chr6:26445807_G>A,0,0.4154425144654351,0
chr6:26448394_C>T,1,0.3534748604612476,0
chr6:2770222_C>T,0,0.3370173147027848,0
chr6:28126853_C>A,1,0.3293396234633065,0
chr6:28129606_C>T,1,0.7079662261235546,1
chr6:28129918_C>T,1,0.7428997402604355,1
chr6:28153973_C>T,1,0.84764384086551,1
chr6:28232810_C>T,1,0.7304375326845596,1
chr6:28232870_C>T,1,0.7762163908470399,1
chr6:28233080_G>T,0,0.8041893832470351,1
chr6:28233122_C>T,1,0.7977649229006242,1
chr6:28245178_G>A,1,0.8337311790921955,1
chr6:28272691_C>T,1,0.3360805987547797,0
chr6:2893413_G>A,0,0.25357521243290015,0
chr6:2895479_G>T,0,0.32714439698179304,0
chr6:2955619_G>A,0,0.2528596680620258,0
chr6:31144783_G>A,1,0.31735707989145717,0
chr6:31154777_G>A,0,0.4114488671170583,0
chr6:31157072_C>T,1,0.5724574396115429,1
chr6:31157480_C>A,1,0.6722751564001442,1
chr6:31506394_C>T,0,0.2642084000812954,0
chr6:31671973_T>A,1,0.8235066827316074,1
chr6:31707717_C>G,0,0.35241360603815036,0
chr6:31744193_C>T,1,0.4127442472600427,0
chr6:31759461_C>T,1,0.4859257191393012,0
chr6:31761505_C>T,0,0.5688055934940265,1
chr6:32745263_G>T,0,0.4615112650518372,0
chr6:32746040_G>A,0,0.7144259181918419,1
chr6:33279829_G>A,1,0.3743607399371826,0
chr6:33279850_C>A,1,0.30823013418842465,0
chr6:33287160_G>A,0,0.29361332897574244,0
chr6:33575389_G>A,1,0.3675966209856534,0
chr6:33640502_T>A,1,0.6133264353472654,1
chr6:33688296_C>T,0,0.3672721846019685,0
chr6:35017865_C>T,0,0.3209644991212058,0
chr6:35081135_C>T,1,0.3541571360877745,0
chr6:35292567_C>A,0,0.35655151121411,0
chr6:35292588_C>A,0,0.3872820630391953,0
chr6:35870419_G>A,0,0.1983635164496978,0
chr6:35874293_C>T,0,0.14220895265426747,0
chr6:35888867_G>A,0,0.21591886287476938,0
chr6:35959558_C>A,1,0.27154343245942647,0
chr6:35991727_G>A,1,0.26029562878444706,0
chr6:36130616_C>T,0,0.7696224041750755,1
chr6:36130657_C>A,1,0.6934572652265483,1
chr6:36136677_C>T,0,0.2467314092981779,0
chr6:36486950_T>G,1,0.7668722671919778,1
chr6:36704260_C>T,1,0.6886956726906057,1
chr6:36713834_A>T,0,0.3966753387817734,0
chr6:36720432_G>T,1,0.34735547733747785,0
chr6:36721185_C>T,0,0.3744048475162215,0
chr6:36721372_C>A,0,0.31827110623963895,0
chr6:36722058_C>T,1,0.3577101967053125,0
chr6:36963016_C>G,1,0.4285867434984161,0
chr6:36972669_G>A,0,0.18422313424887593,0
chr6:37013673_G>T,1,0.3390290365547375,0
chr6:37013694_C>T,0,0.3284711218423619,0
chr6:37013742_C>T,0,0.2978320494415845,0
chr6:37354218_G>A,1,0.7460720825247885,1
chr6:38677338_C>T,1,0.869594306885152,1
chr6:38682817_G>A,0,0.0973294171721368,0
chr6:38684507_G>A,0,0.10048397937981249,0
chr6:38686947_G>A,1,0.12067976799324118,0
chr6:39105479_C>A,1,0.8002885862888981,1
chr6:39105569_G>A,1,0.8047337047000306,1
chr6:39114945_T>A,0,0.5951212137305463,1
chr6:39115083_G>A,1,0.7770547028215291,1
chr6:41034981_G>A,1,0.6875254878615116,1
chr6:41070093_G>A,0,0.19732558809484113,0
chr6:41071210_C>A,1,0.3321670555390441,0
chr6:4126221_G>T,0,0.09599441777664688,0
chr6:41691132_G>A,1,0.7717431535170395,1
chr6:41936017_T>A,0,0.9019414315553708,1
chr6:42214163_G>T,1,0.18975529494965607,0
chr6:42925419_C>T,1,0.6618359370964672,1
chr6:42925449_C>T,1,0.6441550350618589,1
chr6:42966408_C>A,1,0.34996750173935354,0
chr6:43027363_C>T,0,0.27161317509963295,0
chr6:43027444_C>T,1,0.7228937967374405,1
chr6:43029169_C>T,1,0.8122290505477228,1
chr6:43029181_C>T,1,0.8190877929114025,1
chr6:43038323_G>A,0,0.6486818199552413,1
chr6:43038458_G>A,1,0.651346140684283,1
chr6:43040307_G>C,0,0.6239207185657658,1
chr6:43040616_C>A,0,0.5741812074683285,1
chr6:43046042_G>A,1,0.450811470146949,0
chr6:43051416_G>T,0,0.5632108406992683,1
chr6:43061543_C>T,0,0.5508076659901268,1
chr6:43066440_C>T,0,0.25105931820683464,0
chr6:43070794_C>T,1,0.25493175145575997,0
chr6:43186161_G>A,1,0.7361689090567741,1
chr6:43432185_C>T,1,0.5646974314789996,1
chr6:43432449_C>T,1,0.571749415080062,1
chr6:43435775_C>T,0,0.37578114939733503,0
chr6:43438709_C>T,0,0.3096090547907726,0
chr6:43446352_G>A,1,0.3248454149631998,0
chr6:43447406_C>T,1,0.30425826469547096,0
chr6:43447801_A>T,1,0.4060908289438073,0
chr6:43450038_C>T,1,0.8388376851065641,1
chr6:43505568_C>T,1,0.8518530698968879,1
chr6:43605311_C>T,0,0.31763911731988614,0
chr6:43622077_G>A,1,0.32672399748681197,0
chr6:43636407_G>T,1,0.6037811669829279,1
chr6:43640153_C>T,1,0.7489494332174389,1
chr6:44310424_G>A,0,0.40410343847382396,0
chr6:46140233_T>G,0,0.36903841724785824,0
chr6:46708097_G>A,0,0.11162083870849372,0
chr6:46709337_G>A,0,0.12096784432477709,0
chr6:46711595_G>T,0,0.12092752967578559,0
chr6:46717092_C>T,0,0.29506664724907156,0
chr6:486703_G>A,1,0.8055147612447952,1
chr6:497414_G>A,1,0.2879375998822086,0
chr6:52279425_G>A,0,0.2422718434683255,0
chr6:52282842_C>A,0,0.2591068137636058,0
chr6:52681893_C>T,0,0.12962036117552583,0
chr6:5368748_C>T,1,0.4491491841475069,0
chr6:5369048_C>T,0,0.3105450086915109,0
chr6:5545194_C>T,0,0.2920070467195652,0
chr6:57382061_C>T,0,0.24604549539688544,0
chr6:63684740_G>T,0,0.39641654193374465,0
chr6:63713523_C>T,1,0.84509606443333,1
chr6:6624963_T>A,0,0.2664413273289303,0
chr6:70579485_C>T,1,0.3196154712111917,0
chr6:71293548_C>T,1,0.19769518555552712,0
chr6:71301639_C>T,1,0.735959042271358,1
chr6:73480746_C>T,1,0.1788618865464506,0
chr6:73482241_C>T,0,0.1529528782474327,0
chr6:73500652_C>T,1,0.7791676119974094,1
chr6:73615410_C>T,0,0.23519001594853928,0
chr6:73621864_A>C,0,0.2387552680672496,0
chr6:7395059_C>T,1,0.1576004043814478,0
chr6:75259356_G>A,0,0.09909768278101114,0
chr6:75260884_G>A,0,0.12428685716813655,0
chr6:75659336_C>T,1,0.2083807704296283,0
chr6:7883236_G>A,1,0.8477992676062298,1
chr6:7883263_G>A,1,0.804801745169369,1
chr6:8026375_G>A,1,0.6710152345849706,1
chr6:84153059_G>A,1,0.35976820959844463,0
chr6:84155440_G>T,0,0.21376069855978658,0
chr6:84160817_G>A,0,0.22337153957263683,0
chr6:85528299_A>T,0,0.0953987220705461,0
chr6:85543737_G>A,0,0.11809647713394421,0
chr6:85549859_G>A,0,0.09018887449149826,0
chr6:85572370_A>T,0,0.17161114010700376,0
chr6:87524588_G>A,1,0.12141336330894734,0
chr6:87634956_C>T,0,0.11630685145773999,0
chr6:87653132_G>T,0,0.1467808974715721,0
chr6:88678376_C>A,0,0.25564064054159014,0
chr6:89338534_G>A,0,0.14138463597694897,0
chr6:89368127_G>A,1,0.8731118675763704,1
chr6:89368163_C>A,1,0.8487506032945138,1
chr6:89700688_C>A,1,0.41094802297956484,0
chr6:89774667_G>A,0,0.4033221158767393,0
chr6:96524384_C>T,0,0.30139235814380866,0
chr6:96896746_G>A,1,0.6627180461053607,1
chr6:98926925_G>A,0,0.6523106658696409,1
chr6:99369762_C>T,1,0.6996566102027546,1
chr7:100057184_C>T,0,0.7696235136200378,1
chr7:100057887_C>T,1,0.8014237307591989,1
chr7:100099732_G>A,1,0.40521517915268485,0
chr7:100149514_C>T,1,0.5091879890962079,1
chr7:100153905_G>T,1,0.813806029619285,1
chr7:100160035_C>A,0,0.7755474635927316,1
chr7:100160522_C>T,1,0.7383647401026749,1
chr7:100358928_G>A,0,0.4886550755061388,0
chr7:100359520_G>A,1,0.7196756508961614,1
chr7:100374181_A>T,0,0.31476417666016554,0
chr7:100374355_C>T,0,0.2736700341374273,0
chr7:100572656_G>A,1,0.7582704791667633,1
chr7:100578258_G>T,1,0.4507822859647162,0
chr7:100605151_G>A,0,0.29300167781929004,0
chr7:100867515_G>A,1,0.767069931432631,1
chr7:100868219_C>T,1,0.3564915096342566,0
chr7:100868228_C>T,1,0.33851795864104917,0
chr7:100885749_C>T,1,0.2798078353450805,0
chr7:100887763_A>T,1,0.3380738693334312,0
chr7:101156650_C>G,0,0.2944920958541933,0
chr7:101210540_G>A,0,0.3112975144368779,0
chr7:101218215_C>A,0,0.6198540048559988,1
chr7:101222729_C>T,0,0.2869287562745483,0
chr7:101223497_C>T,0,0.2248863503187701,0
chr7:101223524_C>T,0,0.19201494488715717,0
chr7:101223714_T>A,0,0.1947854340953437,0
chr7:102469632_C>A,0,0.3362691325797867,0
chr7:102472741_C>A,0,0.5776762039823679,1
chr7:104195183_G>T,0,0.1857836911922302,0
chr7:105555111_C>T,1,0.19063448273319317,0
chr7:106869221_C>T,0,0.5047098340478693,1
chr7:106882123_C>T,0,0.40134807192823463,0
chr7:106883161_A>T,0,0.4292607239394783,0
chr7:106884184_T>A,0,0.4375916259658056,0
chr7:108514447_G>A,0,0.2023108600752578,0
chr7:112318212_C>T,0,0.18248355172300418,0
chr7:112318254_G>T,0,0.1572218954717588,0
chr7:112767323_C>T,0,0.7971599265418411,1
chr7:114923124_C>T,1,0.7284833292817611,1
chr7:115941958_G>A,0,0.16027182625221,0
chr7:115984285_C>A,0,0.48537534501452384,0
chr7:116250356_G>T,0,0.26550207800134784,0
chr7:116250496_T>G,0,0.23132820553243894,0
chr7:118184254_C>T,1,0.7558799335379263,1
chr7:118188299_C>T,0,0.4471923403255353,0
chr7:124842883_G>A,0,0.14475210845941755,0
chr7:127582898_G>A,1,0.7879919494622429,1
chr7:127584429_T>A,0,0.44017483845218547,0
chr7:128324667_G>A,0,0.17156313811652435,0
chr7:128479299_G>A,0,0.3965507834330267,0
chr7:128498097_C>T,0,0.18024894756089332,0
chr7:128947238_C>T,1,0.601282732349742,1
chr7:129164477_C>T,0,0.3951993482212698,0
chr7:129164522_C>T,1,0.33392912145525555,0
chr7:130018702_G>A,1,0.7921112302513627,1
chr7:130023540_G>A,0,0.3951358265375708,0
chr7:130166466_C>T,1,0.6650762101377148,1
chr7:130181653_G>A,0,0.19379853911659564,0
chr7:130555045_G>A,0,0.0960595652732747,0
chr7:130610990_G>A,0,0.13962928646294726,0
chr7:139053581_C>T,0,0.35394952437266275,0
chr7:139955465_C>A,0,0.29841531471884297,0
chr7:139957687_C>T,0,0.32773259677974853,0
chr7:140024871_G>A,1,0.7399334502555094,1
chr7:140034323_G>A,1,0.2798599836708345,0
chr7:140358729_G>C,0,0.3188060676209708,0
chr7:140687146_C>T,0,0.42379873137329105,0
chr7:140704887_C>T,0,0.7971466219337663,1
chr7:1437927_G>A,1,0.4012129253744438,0
chr7:1438900_C>A,1,0.36057879759995887,0
chr7:144648819_G>T,1,0.24144320715282216,0
chr7:1485362_C>T,1,0.4343051923832106,0
chr7:149250321_C>T,1,0.5759830725183701,1
chr7:149253690_C>T,1,0.7782668205752432,1
chr7:1493042_G>C,0,0.378490443644979,0
chr7:149722809_C>T,0,0.5081459669482723,1
chr7:149723853_C>T,0,0.44705985506602725,0
chr7:149765839_G>T,1,0.8582200458975769,1
chr7:149770524_G>A,1,0.6865884974410251,1
chr7:149844688_C>T,1,0.6939524087132972,1
chr7:149860556_C>T,1,0.4915249297522911,0
chr7:149864234_G>T,0,0.8070604667102763,1
chr7:150569911_C>T,1,0.7254453743808189,1
chr7:150572158_C>T,1,0.7444382640674524,1
chr7:150572953_C>T,1,0.8318490293295928,1
chr7:150628066_G>A,1,0.7398643187584577,1
chr7:150692435_C>A,1,0.6455642617766737,1
chr7:150692875_G>T,1,0.678014175557966,1
chr7:150693069_C>A,1,0.6764405756553644,1
chr7:150793147_G>A,0,0.34924648234566474,0
chr7:151035587_C>T,1,0.3517276637014122,0
chr7:151049120_C>T,1,0.7135737682356494,1
chr7:151052172_C>T,1,0.5301397825913223,1
chr7:151052202_C>T,1,0.6033840676414175,1
chr7:151066725_C>T,0,0.4080809206015376,0
chr7:151140086_C>T,0,0.5030869039756538,1
chr7:151218146_G>A,0,0.13232107727880787,0
chr7:151218801_G>A,0,0.13661009226317872,0
chr7:151235570_C>A,1,0.44296824276985364,0
chr7:151237407_G>T,1,0.7869820346274418,1
chr7:151237486_G>A,1,0.8186502077640512,1
chr7:151237725_C>T,1,0.8589808634393485,1
chr7:151238061_C>T,1,0.8401876851875592,1
chr7:151576383_G>A,0,0.22155950783829984,0
chr7:16604744_T>A,0,0.1252118669667742,0
chr7:1898319_G>A,0,0.541940323788393,1
chr7:2002085_G>A,0,0.4197343629337398,0
chr7:2244670_G>A,0,0.39189858914531217,0
chr7:2249867_G>T,0,0.3096986861076947,0
chr7:2278291_G>A,1,0.701594665599486,1
chr7:23165812_C>T,0,0.19012487462494948,0
chr7:23174158_C>T,0,0.7563069891042334,1
chr7:23309402_T>G,1,0.8214398731235408,1
chr7:2538605_G>A,1,0.8128580208541505,1
chr7:2541047_G>A,0,0.4985662295423354,0
chr7:2590009_C>T,0,0.4237972603769526,0
chr7:2590042_C>T,1,0.4299949739997549,0
chr7:26185024_T>A,0,0.8052802825969286,1
chr7:27543029_G>A,0,0.08771553121834212,0
chr7:27796215_T>A,0,0.116689691817496,0
chr7:27816991_C>T,0,0.20062543671235217,0
chr7:27828791_C>T,1,0.9013352047733443,1
chr7:29071829_G>A,0,0.12101236567556946,0
chr7:29112740_G>T,0,0.18896568174367026,0
chr7:2938687_G>A,1,0.24273143263295424,0
chr7:29926577_G>A,0,0.20483567391696456,0
chr7:30429402_G>A,0,0.7953914498152576,1
chr7:30437651_C>T,0,0.5121738342087822,1
chr7:30451351_G>T,0,0.5039131099462695,1
chr7:30451979_G>A,0,0.5780421502188923,1
chr7:30504644_G>T,0,0.6794831861462755,1
chr7:32559437_T>G,1,0.30219253721130285,0
chr7:32975333_C>A,0,0.16638773063897605,0
chr7:32988604_C>T,0,0.1110420143427933,0
chr7:33015846_C>A,0,0.1770999442000096,0
chr7:33017501_G>A,0,0.15696181279651988,0
chr7:33152778_C>T,1,0.41863365614553283,0
chr7:33273072_C>T,0,0.17353907561422638,0
chr7:33367862_C>T,0,0.1377514083918596,0
chr7:33383668_C>T,0,0.1487212822466684,0
chr7:36299174_C>T,1,0.7153725886269676,1
chr7:36513332_G>A,1,0.7898792493272733,1
chr7:36540454_T>A,0,0.2718101151999984,0
chr7:36686765_G>A,0,0.39988749587907524,0
chr7:37867873_G>T,0,0.17518693605039382,0
chr7:37896925_C>T,1,0.687429305453959,1
chr7:37896982_C>T,1,0.6627776857010802,1
chr7:38217296_G>T,0,0.11958413188664484,0
chr7:38317276_G>C,0,0.2822694116128732,0
chr7:38728722_G>A,0,0.259354096992121,0
chr7:38743540_G>A,0,0.15905296753912448,0
chr7:38752205_G>A,0,0.1366896022238631,0
chr7:40078817_C>T,0,0.21962572901373978,0
chr7:42932455_C>G,1,0.8192979094435491,1
chr7:42932514_G>A,1,0.48268847377313306,0
chr7:42937538_C>T,1,0.859154208348276,1
chr7:43639679_C>T,1,0.6292541401061564,1
chr7:43803792_C>T,0,0.16270760429727724,0
chr7:43866807_G>C,1,0.7985335842160366,1
chr7:43869308_C>A,1,0.6358899698406273,1
chr7:44065297_C>T,1,0.4534061686203823,0
chr7:44076566_G>A,0,0.568268630773962,1
chr7:44076582_C>T,1,0.5615302662265721,1
chr7:44111533_C>A,1,0.39229631459128994,0
chr7:44115853_G>A,0,0.3185203745483195,0
chr7:44121846_G>A,1,0.31256618658255786,0
chr7:44569162_C>A,1,0.3349417279879003,0
chr7:44647660_C>T,0,0.44525834572134904,0
chr7:44964465_G>A,1,0.45798116854102144,0
chr7:44965665_G>A,0,0.48451292935128193,0
chr7:44965746_G>A,1,0.5680222255562336,1
chr7:45109054_G>A,0,0.7359173073339648,1
chr7:47297169_G>A,0,0.4927521122907151,0
chr7:47978506_G>A,0,0.27619151727294405,0
chr7:48107411_C>T,1,0.26639334489343774,0
chr7:48108310_C>T,1,0.8603811935414362,1
chr7:5387825_C>A,1,0.42267772971849693,0
chr7:5712791_G>A,0,0.28879051293906044,0
chr7:5715095_A>T,1,0.2673730526552778,0
chr7:6028999_G>A,0,0.09783156305108004,0
chr7:6038668_G>A,0,0.14723043107835082,0
chr7:6041001_G>C,0,0.1253134731183715,0
chr7:6402351_C>T,1,0.8421840973573346,1
chr7:6410314_C>A,1,0.49888825414622784,0
chr7:64706654_C>G,0,0.8376647420455832,1
chr7:64707214_G>T,1,0.784950956500966,1
chr7:64978793_G>A,1,0.7266873368382627,1
chr7:6588744_G>A,1,0.8009562222234289,1
chr7:65976189_G>C,1,0.34098965782259294,0
chr7:65982021_G>A,0,0.5339130219212764,1
chr7:66086763_C>T,0,0.27543690724486297,0
chr7:66087380_C>T,0,0.22835544390075654,0
chr7:66638993_C>T,1,0.805511372124409,1
chr7:67083515_C>T,0,0.23208098014325151,0
chr7:67183132_C>T,0,0.2657259841979717,0
chr7:73303884_G>A,0,0.4514428477228458,0
chr7:73305084_G>A,1,0.3203466432368122,0
chr7:73308536_G>T,1,0.6926188439156379,1
chr7:73477768_G>A,0,0.1964606588143002,0
chr7:73736576_G>A,1,0.8596751205511365,1
chr7:74108917_C>T,0,0.36680043780550403,0
chr7:74121269_G>T,1,0.8689582317528547,1
chr7:74246741_T>A,0,0.14889167774458054,0
chr7:75425085_G>A,0,0.35889238425569564,0
chr7:7583220_G>A,0,0.21647111245787495,0
chr7:75986168_C>T,0,0.45371249407640585,0
chr7:75988500_C>A,0,0.24042198148875235,0
chr7:76028653_G>A,0,0.3266207536188267,0
chr7:7640364_G>A,0,0.47243593867102723,0
chr7:77199629_G>T,0,0.6200528170047416,1
chr7:77256379_T>G,1,0.21004370482681117,0
chr7:77256423_C>T,0,0.21688255770750267,0
chr7:77262218_C>T,1,0.24507309526312143,0
chr7:77286834_A>T,1,0.296801480369533,0
chr7:77287551_C>T,1,0.32171789606292306,0
chr7:77293089_C>A,0,0.41673458314971235,0
chr7:77312127_G>A,1,0.34243203973180664,0
chr7:77330287_A>C,1,0.22608536732326098,0
chr7:77355389_G>A,1,0.29534711659404284,0
chr7:80656573_A>T,1,0.40339031575540757,0
chr7:80656617_G>A,0,0.42342910237849396,0
chr7:80661079_A>T,0,0.23558270648777246,0
chr7:80663099_G>A,0,0.21774408803766052,0
chr7:80671994_T>G,0,0.22426839564862636,0
chr7:80672788_C>T,0,0.23791231614612346,0
chr7:8086494_C>T,0,0.7795090255279034,1
chr7:853478_C>T,1,0.46181949154441526,0
chr7:87550799_G>A,0,0.1925183039767132,0
chr7:87847004_C>T,0,0.1762493022471678,0
chr7:87847039_G>A,0,0.18019606135223637,0
chr7:88283084_C>A,0,0.28547709755523704,0
chr7:88284122_G>A,0,0.5355133328910411,1
chr7:91045925_G>A,0,0.16636223728982652,0
chr7:92105694_C>T,1,0.3062070473014084,0
chr7:92107380_C>A,0,0.28126219122548485,0
chr7:92234588_G>A,0,0.15273842071793475,0
chr7:92494625_G>A,0,0.20513626364505413,0
chr7:92517836_C>A,0,0.3871671115108222,0
chr7:92529656_C>T,1,0.24926824892399482,0
chr7:94547173_C>T,0,0.16298007775031867,0
chr7:95405413_G>A,1,0.851824657088523,1
chr7:95406126_G>T,1,0.6276080295441803,1
chr7:96193102_G>A,0,0.20433911184602627,0
chr7:97181177_C>T,0,0.769663572052166,1
chr7:98238601_G>A,0,0.4943143188915001,0
chr7:98244577_C>T,0,0.4408809029923173,0
chr7:98281885_C>A,1,0.4770316171313057,0
chr7:99344302_G>A,1,0.14681927166881908,0
chr7:99486787_C>T,0,0.7921723537010554,1
chr7:99493808_A>T,1,0.8249045178652055,1
chr7:99892333_G>A,1,0.8153715567681356,1
chr7:99892443_G>T,0,0.742879234299581,1
chr7:99892682_G>T,0,0.8491887276920508,1
chr7:99919065_G>A,0,0.4305571599140674,0
chr8:100151365_C>T,1,0.6953791898966959,1
chr8:100153311_C>T,1,0.875711918417877,1
chr8:100233436_C>T,0,0.31132686066233684,0
chr8:100241008_C>T,1,0.788450726377131,1
chr8:103420347_C>T,0,0.294229243112008,0
chr8:103441464_C>T,0,0.1703243644064656,0
chr8:103441548_C>T,0,0.16574384155074098,0
chr8:108486521_C>T,1,0.8813908134198447,1
chr8:115414040_C>A,1,0.8694408100502701,1
chr8:119783434_G>A,0,0.16676560479210148,0
chr8:123030617_G>A,0,0.23099366312284758,0
chr8:123128436_T>A,0,0.2453990803670873,0
chr8:123134168_C>T,0,0.3088605949426722,0
chr8:123140824_C>T,1,0.44440549429764215,0
chr8:123142358_C>T,0,0.41444536266884513,0
chr8:123231492_G>C,0,0.3415862793678713,0
chr8:123241330_C>T,0,0.863966281563544,1
chr8:124547108_C>T,1,0.7218234477621143,1
chr8:125081668_G>A,0,0.1463842523183315,0
chr8:125102484_C>T,1,0.2706154313662054,0
chr8:125436436_C>T,1,0.8224463653959807,1
chr8:130214603_T>A,0,0.3995580606434675,0
chr8:131950083_C>T,0,0.17753146688810162,0
chr8:131955844_A>T,0,0.1723170706526608,0
chr8:132804653_C>T,1,0.18463227036075422,0
chr8:133242038_G>A,1,0.6747767066206949,1
chr8:133284296_G>A,1,0.7694959008659187,1
chr8:139732033_G>T,1,0.6653450495447394,1
chr8:139988727_G>A,0,0.495793993746554,0
chr8:140291029_A>C,0,0.4140293932119662,0
chr8:141150951_C>T,0,0.3949211027064907,0
chr8:141163427_C>T,0,0.3018262084201581,0
chr8:141168204_C>T,1,0.49887468634274235,0
chr8:141211581_C>T,1,0.8131515308001025,1
chr8:141212526_G>A,1,0.46739409479546673,0
chr8:142229492_G>A,0,0.8567422484120566,1
chr8:142330947_G>A,0,0.40266340477146423,0
chr8:142727458_C>T,1,0.5103453447371995,1
chr8:143274736_C>T,1,0.5152553064824651,1
chr8:143276799_G>T,1,0.8812660818297536,1
chr8:143318081_G>C,1,0.27559998303605215,0
chr8:143329355_G>A,1,0.24717154729352606,0
chr8:143329388_C>A,1,0.21458142897477117,0
chr8:143331261_G>C,0,0.3895644356251725,0
chr8:143334759_G>A,1,0.5012464745315655,1
chr8:143379392_G>T,0,0.4383376962042309,0
chr8:143381606_G>A,1,0.4145945761501974,0
chr8:143382553_C>T,1,0.8158832986979321,1
chr8:143567877_G>T,0,0.4705893627003541,0
chr8:143570498_G>A,0,0.5241030309007686,1
chr8:143570888_G>A,1,0.4250232341285649,0
chr8:143571746_G>A,1,0.47782832041056333,0
chr8:143917767_G>C,1,0.8507666665092026,1
chr8:143920830_G>C,1,0.7857404439254971,1
chr8:143923019_G>A,1,0.5284586747011402,1
chr8:143925461_G>A,0,0.5932019713452245,1
chr8:143932855_G>A,1,0.5360348515017366,1
chr8:143983038_C>T,1,0.39973830648890285,0
chr8:143983803_G>A,0,0.4848521286107082,0
chr8:143985320_G>A,1,0.4865044628874141,0
chr8:144052985_G>A,0,0.5417942295591803,1
chr8:144053265_C>A,1,0.5451026759848112,1
chr8:144058816_G>A,0,0.5288832145216904,1
chr8:144084160_C>T,0,0.3507226365248938,0
chr8:144084542_G>T,0,0.29423209146955215,0
chr8:144085646_C>T,0,0.5312700897861579,1
chr8:144247382_C>T,0,0.41446922433770855,0
chr8:144260189_C>T,1,0.5873045056216545,1
chr8:144497276_A>T,1,0.7062213421405166,1
chr8:144510655_T>A,1,0.430290915785132,0
chr8:144521246_C>A,1,0.8838519269025061,1
chr8:144523173_G>A,0,0.8767606751232112,1
chr8:144523376_C>T,1,0.8927727109107249,1
chr8:144803691_G>A,1,0.7226309428093033,1
chr8:16155100_C>A,0,0.1668856027418883,0
chr8:16177958_G>A,1,0.754978434807355,1
chr8:17964596_C>T,0,0.22728540644266057,0
chr8:17980704_G>T,0,0.2510511119744248,0
chr8:18071369_C>T,0,0.238105571608796,0
chr8:18075586_C>T,0,0.37969592625553483,0
chr8:19823371_C>A,0,0.12859877960894123,0
chr8:19832073_G>A,0,0.1175970038401181,0
chr8:19844157_G>T,0,0.1592036781672498,0
chr8:21909532_G>A,1,0.7853098171705605,1
chr8:21912273_C>A,1,0.44136705005452675,0
chr8:21912415_A>T,1,0.6273130235060932,1
chr8:22005039_C>G,1,0.7859038943926169,1
chr8:22107809_G>A,1,0.8327785748627209,1
chr8:22107860_C>A,1,0.8258631072250692,1
chr8:22247915_C>T,1,0.31753156518545855,0
chr8:22511088_C>T,0,0.18280202704133225,0
chr8:22556795_C>T,1,0.4039633312472,0
chr8:22556903_C>T,1,0.27481775177726653,0
chr8:22571054_C>T,1,0.530557830755007,1
chr8:22571754_C>T,1,0.5103883881499627,1
chr8:22580642_G>A,1,0.7093637450820218,1
chr8:22624046_G>A,0,0.37191790730327334,0
chr8:22644772_G>A,1,0.6554899840925154,1
chr8:23007218_C>T,0,0.3774786585951701,0
chr8:23028350_G>T,1,0.2812495444798996,0
chr8:23114734_G>T,0,0.21960118319432193,0
chr8:23148539_G>C,1,0.3128990035979185,0
chr8:23154913_G>A,0,0.31097172904347076,0
chr8:23199340_G>A,0,0.2798155300804031,0
chr8:23199443_A>T,0,0.30718308994207905,0
chr8:23200719_C>T,0,0.3461535379848462,0
chr8:23289975_C>T,0,0.4685179920042036,0
chr8:23447710_G>A,0,0.3298416482304516,0
chr8:24341713_G>T,0,0.18236830665921053,0
chr8:24343164_A>T,0,0.24562513183852605,0
chr8:25302433_C>T,1,0.27037690897103844,0
chr8:25308842_C>G,0,0.22812981258333,0
chr8:25317111_G>T,0,0.23039429742923911,0
chr8:26408249_A>T,0,0.09905167157278785,0
chr8:27435781_C>T,0,0.4106488419085279,0
chr8:27503606_G>A,0,0.39975098085259436,0
chr8:27511871_C>A,0,0.225150704202517,0
chr8:27522476_G>A,1,0.199205197094541,0
chr8:27543779_G>T,1,0.33254677285063744,0
chr8:28113115_C>T,0,0.21459786954389384,0
chr8:28129579_T>G,0,0.2024131567876503,0
chr8:28360914_G>A,1,0.6384291010823481,1
chr8:28718037_C>T,1,0.3665911915821334,0
chr8:28768187_G>A,1,0.8245656233971093,1
chr8:28793905_A>T,0,0.3312162304638235,0
chr8:29186392_G>A,0,0.4233583866279159,0
chr8:30063893_G>A,1,0.7977724575560818,1
chr8:30682044_G>A,0,0.2693669685469557,0
chr8:33503777_G>T,1,0.30847570960286835,0
chr8:37738027_C>A,1,0.25275665048041196,0
chr8:37844786_G>A,1,0.8096193067945701,1
chr8:37847011_G>A,1,0.3296736110382592,0
chr8:37847056_G>A,1,0.36419463378014033,0
chr8:38177137_C>T,1,0.4068614390667135,0
chr8:38192725_G>A,0,0.33863977724130684,0
chr8:38234507_C>T,1,0.18276267208899447,0
chr8:38238155_C>T,0,0.1325138436455897,0
chr8:38252216_C>T,1,0.14864940378345465,0
chr8:38266227_C>T,0,0.21567468423764677,0
chr8:42319283_C>T,1,0.3756555636997109,0
chr8:42326021_C>T,1,0.5912959091081565,1
chr8:43064124_C>T,0,0.1778690812167578,0
chr8:431363_G>T,0,0.3233148027787976,0
chr8:43191523_G>A,0,0.29792110168812286,0
chr8:451442_C>T,0,0.14810199922649114,0
chr8:463073_C>T,0,0.2299240443761649,0
chr8:47595862_C>A,0,0.26663623262761965,0
chr8:47712851_A>T,0,0.26094664409488405,0
chr8:47821709_G>T,1,0.14185463205340246,0
chr8:53756565_G>A,0,0.26329369487661075,0
chr8:53984446_T>A,0,0.09734318339098663,0
chr8:55824680_C>T,0,0.8533400362100285,1
chr8:58587646_A>T,0,0.28938679291063985,0
chr8:58589572_A>T,0,0.18251649521578214,0
chr8:58595657_C>A,0,0.2198725675184742,0
chr8:58659592_G>A,1,0.8126194805199141,1
chr8:58807776_G>A,1,0.7389780961622406,1
chr8:61503441_G>C,1,0.8562060493516438,1
chr8:61646765_C>A,0,0.1200430671003908,0
chr8:6621460_C>T,1,0.4747495078273835,0
chr8:66432532_C>T,1,0.6601697827431753,1
chr8:66457139_C>T,1,0.2707557635646778,0
chr8:70121322_G>A,1,0.6827379242857166,1
chr8:70598151_G>A,0,0.07422356129701223,0
chr8:79919141_G>A,1,0.7342332088354557,1
chr8:80976651_C>A,1,0.7946579457742148,1
chr8:85328598_G>A,1,0.6028103004859545,1
chr8:86528984_C>T,0,0.32603090752471386,0
chr8:86551230_C>A,0,0.11844587641919826,0
chr8:89947835_T>A,0,0.3600289683788454,0
chr8:89958819_G>A,0,0.24534000459381666,0
chr8:89982766_G>A,0,0.46077121567088425,0
chr8:90042762_C>T,0,0.07596106021592723,0
chr8:91070403_G>T,1,0.7751533407355731,1
chr8:91078383_C>T,0,0.255512170950197,0
chr8:94930604_C>A,1,0.8494638036715428,1
chr8:96231067_C>T,1,0.8404861894254568,1
chr8:96239614_A>T,1,0.8176635065041346,1
chr8:96239619_G>A,1,0.8637251597943766,1
chr8:96257010_G>A,0,0.17304453367225733,0
chr8:96785093_C>T,0,0.23304864382030394,0
chr8:96966029_C>A,0,0.089692929414884,0
chr8:97066190_G>A,1,0.688504814514563,1
chr8:97724659_C>T,1,0.8059913313777742,1
chr8:98579693_G>A,0,0.15150561418958497,0
chr8:99147912_C>T,0,0.27583459553032896,0
chr9:100292952_C>T,0,0.32128020854085215,0
chr9:100292976_C>T,0,0.3711537410537826,0
chr9:101540894_C>T,0,0.22574039681606714,0
chr9:101552563_C>T,0,0.2684942046190688,0
chr9:101552590_C>T,0,0.23831151011740512,0
chr9:104750986_C>T,1,0.35445510001780856,0
chr9:104752920_C>T,0,0.07765550992107867,0
chr9:104759325_C>A,1,0.8582773231187137,1
chr9:104822599_G>A,0,0.3385364137507662,0
chr9:107488102_C>A,1,0.45261995948690686,0
chr9:108992670_G>A,0,0.17120613994912193,0
chr9:111666821_C>T,0,0.8199234628981097,1
chr9:112058451_G>A,0,0.3543513055171274,0
chr9:112102235_C>A,0,0.210860053466673,0
chr9:112111825_G>A,0,0.2990186731839066,0
chr9:112157573_G>T,0,0.4718806723549756,0
chr9:112275984_G>A,1,0.49168490290002503,0
chr9:113389622_G>A,0,0.237041299434803,0
chr9:113408947_G>C,0,0.8230733427293531,1
chr9:114324048_C>A,0,0.1947986287797652,0
chr9:114326349_G>T,0,0.6358989014884733,1
chr9:114331886_T>A,0,0.42811235965713523,0
chr9:114347833_G>A,1,0.5484787889224456,1
chr9:114359951_G>A,1,0.5646802323810646,1
chr9:114587848_C>T,1,0.581234721590214,1
chr9:114903938_G>C,1,0.7823041990752237,1
chr9:117713902_C>T,1,0.6643592750575549,1
chr9:117713907_G>A,1,0.6878698913804917,1
chr9:117714319_C>T,1,0.772760641479222,1
chr9:120407057_G>A,0,0.516695968302109,1
chr9:120408401_G>A,0,0.4798607673612552,0
chr9:120458579_A>C,0,0.44604489131972097,0
chr9:120826858_G>A,0,0.168462134591154,0
chr9:120874004_C>T,0,0.33933436639976383,0
chr9:120913596_G>T,1,0.4397249870786889,0
chr9:121094985_T>G,0,0.3108682068123471,0
chr9:121125886_G>T,0,0.2393273173471232,0
chr9:121125895_C>T,0,0.2961277683450566,0
chr9:121145331_C>T,1,0.3591020064024915,0
chr9:121150193_C>T,0,0.37292129697912313,0
chr9:121158945_C>T,1,0.3556690143377837,0
chr9:121165037_C>T,0,0.3859204496066168,0
chr9:121166112_C>T,0,0.3770115457144536,0
chr9:121173729_C>T,1,0.45773510266465794,0
chr9:121356128_G>T,0,0.45428662061152225,0
chr9:122313384_C>T,0,0.678514413936255,1
chr9:122378543_C>T,1,0.4138698675164017,0
chr9:122386619_A>T,0,0.37780106636457994,0
chr9:122392524_C>T,1,0.7713280372118135,1
chr9:124312575_C>T,0,0.4271716674055741,0
chr9:124874978_C>T,0,0.3180067390892722,0
chr9:125213495_C>T,0,0.16506435261900979,0
chr9:125227927_C>T,0,0.14342236643297676,0
chr9:127166170_C>T,0,0.2614336301075159,0
chr9:127196529_A>T,1,0.1964855750469942,0
chr9:127403738_C>T,0,0.44995926030594996,0
chr9:127407244_C>T,1,0.8527777478964588,1
chr9:127462293_C>T,0,0.3332709602861739,0
chr9:127479923_C>T,0,0.30076350367029836,0
chr9:127485807_C>T,0,0.2841222726962036,0
chr9:127724133_C>T,0,0.310399543130252,0
chr9:127731328_G>T,1,0.7226525794289251,1
chr9:127774144_T>A,1,0.6569368550639567,1
chr9:127910054_G>A,0,0.41340807032886995,0
chr9:127936602_A>T,1,0.6735382302028299,1
chr9:128068578_C>T,1,0.6313624669446847,1
chr9:128125391_A>T,0,0.3983194602128721,0
chr9:128185768_G>A,0,0.49884929684339535,0
chr9:128190359_G>A,1,0.5118642042862306,1
chr9:128288660_C>T,1,0.8772688937955025,1
chr9:128310923_G>A,1,0.7027329806107143,1
chr9:128311545_G>A,0,0.29101850728485146,0
chr9:128322913_C>T,1,0.6384190516756381,1
chr9:128345497_C>A,0,0.4637822620235457,0
chr9:128509017_C>T,1,0.5286370915862678,1
chr9:128515604_C>T,0,0.23567015019142393,0
chr9:128525348_C>T,0,0.28525885984017907,0
chr9:128713594_T>A,0,0.37449713111278937,0
chr9:128826430_G>T,1,0.3595749351907047,0
chr9:128835520_G>A,1,0.3239791469223672,0
chr9:128908503_G>T,1,0.45001103528452646,0
chr9:129096111_G>A,0,0.4286575329973363,0
chr9:129098121_A>C,0,0.35310584543645096,0
chr9:129638335_G>A,1,0.8911608971150662,1
chr9:129808993_G>T,1,0.661166154921217,1
chr9:129813981_G>T,1,0.8384761792246808,1
chr9:129869312_C>T,1,0.306464083637498,0
chr9:130092371_C>T,0,0.23803805927642832,0
chr9:130703071_C>T,0,0.22096589390052476,0
chr9:131509764_G>A,1,0.4436099163689712,0
chr9:131513243_C>T,1,0.3498949549900304,0
chr9:131521439_C>T,1,0.547504711173066,1
chr9:131521445_C>T,0,0.554232313103132,1
chr9:131860576_G>A,1,0.860714392963455,1
chr9:131863074_G>A,1,0.8340224073043861,1
chr9:132077452_C>T,0,0.3009871190216173,0
chr9:132166864_C>A,1,0.7269671692181336,1
chr9:132278155_G>A,1,0.47051714835460406,0
chr9:132645900_G>A,1,0.2912894275941444,0
chr9:133043817_G>T,0,0.28753630619084486,0
chr9:133053841_G>A,0,0.32409144227547754,0
chr9:133154258_G>T,1,0.7747661447391491,1
chr9:133155927_G>T,0,0.4000141422211299,0
chr9:134909843_G>T,0,0.6863012284540327,1
chr9:134909943_C>T,0,0.6900216761820479,1
chr9:134912486_C>A,0,0.2248018849857314,0
chr9:134916414_G>A,0,0.437697511461745,0
chr9:135503992_C>A,1,0.8831768073189707,1
chr9:136209015_G>A,0,0.8112638834122762,1
chr9:136224104_G>A,0,0.34022141254727456,0
chr9:136363569_G>C,0,0.437494311807277,0
chr9:136364368_C>T,1,0.8388564059859228,1
chr9:136412819_C>T,0,0.3599020722016983,0
chr9:136417020_C>T,1,0.2967269018221962,0
chr9:136670239_G>A,0,0.3137632886532005,0
chr9:136673799_G>A,1,0.8391594850519917,1
chr9:136674750_T>A,1,0.7714321591282622,1
chr9:136676603_G>T,0,0.4574554972154851,0
chr9:136740043_G>A,1,0.21028845361406048,0
chr9:136740855_G>C,1,0.17939365942747051,0
chr9:136849586_C>G,0,0.21863673778540502,0
chr9:136850844_C>A,1,0.791612736957578,1
chr9:136853571_C>T,0,0.6439802443951128,1
chr9:136942843_G>T,1,0.41624397019269194,0
chr9:136995476_C>A,0,0.3565204818065826,0
chr9:137030898_G>A,1,0.6482994223046746,1
chr9:137031189_G>A,1,0.7176183910374399,1
chr9:137080806_C>G,0,0.4144782841582191,0
chr9:137188733_C>T,1,0.6627103577401143,1
chr9:137189158_C>T,0,0.3020302099492454,0
chr9:137189822_C>T,1,0.7604533631322288,1
chr9:137263141_C>A,0,0.294553197604014,0
chr9:137307024_G>A,1,0.8209017936151463,1
chr9:137555553_G>A,1,0.8474604026157678,1
chr9:137564575_G>A,1,0.36839370994386084,0
chr9:15423024_G>T,1,0.6221375045629782,1
chr9:19056387_T>A,1,0.6943096491561943,1
chr9:19116271_G>A,1,0.8400356402496976,1
chr9:19372051_G>T,1,0.8259652390226649,1
chr9:19372140_G>A,1,0.8901398338886143,1
chr9:20770114_G>A,0,0.45355478277091665,0
chr9:20951030_C>A,0,0.2370679858159559,0
chr9:20986315_A>T,0,0.39784992059133156,0
chr9:21026682_G>A,1,0.230580923875656,0
chr9:26905987_G>A,1,0.7864572088190162,1
chr9:26925880_G>A,0,0.17192933798269325,0
chr9:27566904_G>A,0,0.25363684108602375,0
chr9:2828726_A>T,0,0.16787867658213615,0
chr9:32418388_C>T,1,0.16131687698146316,0
chr9:32418509_G>A,0,0.11015061456207977,0
chr9:32423417_C>T,0,0.1137510431951052,0
chr9:32974495_C>T,1,0.632743431353273,1
chr9:33036662_C>T,0,0.1516629692823763,0
chr9:34106478_C>T,0,0.18833428916399506,0
chr9:34618683_G>C,0,0.178921591289381,0
chr9:34648388_C>T,0,0.3754867818001391,0
chr9:34649454_C>T,1,0.4014704970576485,0
chr9:35091330_C>A,0,0.3438764628670683,0
chr9:35092307_C>T,1,0.4193740310326415,0
chr9:35092761_G>A,0,0.457431539719908,0
chr9:35093035_G>A,0,0.2957489814039949,0
chr9:35093086_G>A,0,0.3030814081220332,0
chr9:35605993_C>T,0,0.5525215901325988,1
chr9:35608921_C>T,1,0.8819796086878461,1
chr9:35700039_G>A,0,0.2605965941851392,0
chr9:35736670_G>T,1,0.8363697807983533,1
chr9:35737254_C>T,1,0.8504334992077609,1
chr9:35813131_T>A,1,0.886021003835982,1
chr9:37126517_C>A,0,0.568432199622186,1
chr9:37357149_A>T,1,0.8585416896711561,1
chr9:37424900_C>T,0,0.43477238220591824,0
chr9:37493601_C>T,0,0.23259171479624524,0
chr9:37777623_C>A,1,0.7807866540906186,1
chr9:4679822_G>T,1,0.7251364234679154,1
chr9:4718504_G>A,0,0.1664296292983255,0
chr9:5081826_G>T,0,0.14526394928191608,0
chr9:5810080_A>T,1,0.23742447824347,0
chr9:69221181_C>T,0,0.4126782214507483,0
chr9:7011701_T>A,1,0.303767806339992,0
chr9:73159367_C>T,0,0.11315638219177192,0
chr9:73159388_C>T,0,0.12702485361767815,0
chr9:74738539_C>A,1,0.378952745017838,0
chr9:75069049_C>T,0,0.11338499089481166,0
chr9:76394148_G>T,1,0.8246851383880828,1
chr9:83628880_G>A,0,0.4839877568458733,0
chr9:83643445_C>T,1,0.6582576544747801,1
chr9:85672568_G>A,0,0.16535157156690902,0
chr9:87681413_C>T,0,0.4790977803611114,0
chr9:89325602_C>T,1,0.33711777510007696,0
chr9:89339933_C>T,0,0.12310748983692436,0
chr9:90874838_C>G,0,0.2794099481042445,0
chr9:91297993_G>A,0,0.19915618691743747,0
chr9:92049989_G>A,0,0.12655509106176274,0
chr9:92976677_C>T,1,0.4601635778252795,0
chr9:93003012_C>T,0,0.3401543146296961,0
chr9:93110721_C>T,0,0.2555294946083937,0
chr9:93111938_G>T,1,0.30579449570654627,0
chr9:96336778_C>A,0,0.09661536526513344,0
chr9:96360198_G>C,0,0.10737500525878983,0
chr9:96471057_G>T,1,0.2914145951844696,0
chr9:97910305_G>A,1,0.36529291657541574,0
chr9:97916270_G>A,0,0.45450436827151,0
chr9:97930260_C>A,0,0.2998110922493422,0
chr9:97930426_G>C,0,0.27035784919497247,0
chr9:97936243_A>T,1,0.5309016179779095,1
chr9:98060905_C>T,0,0.23173401603851096,0
chr9:98080984_G>T,0,0.20898298605657273,0
chr9:98124869_G>A,1,0.7634034440588803,1
chr9:98133206_C>T,1,0.38065658236047056,0
chr9:98203371_C>A,1,0.4147884403874241,0
chr9:98209071_G>A,1,0.42572673327515953,0
chr9:98220859_G>A,0,0.35971533826189356,0
chr9:99129060_C>A,1,0.2439098029997617,0
chr9:99221774_G>A,1,0.5897699934747964,1
